ligand_label,ligand_identifier,ligand_smiles,complexity_BertzCT,is_taught,cas_number,rank_average_pred_mu_top2%mu
POOL-00030233,"InChI=1S/C8H18S/c1-4-6-7-9-8(3)5-2/h8H,4-7H2,1-3H3",CCCCSC(C)CC,52.52932501298081,False,['10359-61-2'],1.1459007625
POOL-00030232,"InChI=1S/C8H18S/c1-4-5-6-9-7-8(2)3/h8H,4-7H2,1-3H3",CCCCSCC(C)C,50.52932501298081,False,['1741-85-1'],1.144609859
POOL-00018503,"InChI=1S/C8H18S/c1-5-6-7-9-8(2,3)4/h5-7H2,1-4H3",CCCCSC(C)(C)C,61.45811190640112,False,['926-47-6'],1.14763556
POOL-00042633,"InChI=1S/C8H18S/c1-3-5-7-9-8-6-4-2/h3-8H2,1-2H3",CCCCSCCCC,37.83229392178728,False,['544-40-1'],1.0784858091
POOL-00030179,"InChI=1S/C8H18S/c1-5-7(3)9-8(4)6-2/h7-8H,5-6H2,1-4H3",CCC(C)SC(C)CC,53.587975038942446,False,['626-26-6'],1.1500886752
POOL-00033954,"InChI=1S/C7H16S/c1-3-5-7-8-6-4-2/h3-7H2,1-2H3",CCCCSCCC,29.368065554250645,False,['1613-46-3'],1.0930805877
POOL-00040705,"InChI=1S/C8H19N/c1-4-5-6-7-8-9(2)3/h4-8H2,1-3H3",CCCCCCN(C)C,50.52932501298081,False,['4385-04-0'],1.1320235109
POOL-00039030,"InChI=1S/C8H18S/c1-3-4-5-6-7-8-9-2/h3-8H2,1-2H3",CCCCCCCSC,37.83229392178728,False,"['20291-61-6', '63834-87-7']",1.1388688111
POOL-00043414,"InChI=1S/C9H21N/c1-4-6-8-10(3)9-7-5-2/h4-9H2,1-3H3",CCCCN(C)CCCC,53.748605961854445,False,['3405-45-6'],1.1421531102
POOL-00042529,"InChI=1S/C8H17F/c1-2-3-4-5-6-7-8-9/h2-8H2,1H3",CCCCCCCCF,37.83229392178728,False,['463-11-6'],1.0971746808
POOL-00040712,"InChI=1S/C7H13NS/c1-2-3-4-5-6-8-7-9/h2-6H2,1H3",CCCCCCN=C=S,95.089273230246,False,['4404-45-9'],1.1229887788
POOL-00040631,"InChI=1S/C9H20S/c1-3-4-5-6-7-8-9-10-2/h3-9H2,1-2H3",CCCCCCCCSC,44.68995593589281,False,['3698-95-1'],1.077060335
POOL-00043503,"InChI=1S/C8H19N/c1-4-7-8-9(5-2)6-3/h4-8H2,1-3H3",CCCCN(CC)CC,48.52932501298081,False,['4444-68-2'],1.1333266986
POOL-00042632,"InChI=1S/C10H22S/c1-9(2)5-7-11-8-6-10(3)4/h9-10H,5-8H2,1-4H3",CC(C)CCSCCC(C)C,66.9419624661572,False,['544-02-5'],1.1336265063
POOL-00040718,"InChI=1S/C8H15NS/c1-2-3-4-5-6-7-9-8-10/h2-7H2,1H3",CCCCCCCN=C=S,105.82521876648651,False,['4426-83-9'],1.147821865
POOL-00042456,"InChI=1S/C8H18O/c1-3-5-7-9-8-6-4-2/h3-8H2,1-2H3",CCCCOCCCC,37.83229392178728,False,['142-96-1'],1.1293438746
POOL-00040719,"InChI=1S/C9H17NS/c1-2-3-4-5-6-7-8-10-9-11/h2-8H2,1H3",CCCCCCCCN=C=S,116.73114066028502,False,['4430-45-9'],1.1034395826
POOL-00034130,"InChI=1S/C10H20O/c1-4-11-9-7-5-6-8-10(2)3/h4,10H,1,5-9H2,2-3H3",C=COCCCCCC(C)C,86.8735668734444,False,"['37769-62-3', '10573-35-0']",1.1560420199
POOL-00042631,"InChI=1S/C10H22O/c1-9(2)5-7-11-8-6-10(3)4/h9-10H,5-8H2,1-4H3",CC(C)CCOCCC(C)C,66.9419624661572,False,['544-01-4'],1.1417051583
POOL-00043192,"InChI=1S/C10H23N/c1-4-5-6-7-8-9-10-11(2)3/h4-10H2,1-3H3",CCCCCCCCN(C)C,69.27302875388388,False,['7378-99-6'],1.1149537364
POOL-00042499,"InChI=1S/C10H21F/c1-2-3-4-5-6-7-8-9-10-11/h2-10H2,1H3",CCCCCCCCCCF,53.89311688209828,False,['334-56-5'],1.1394595475
POOL-00037838,"InChI=1S/C8H15NS/c1-2-3-4-5-8-9-6-7-10-8/h2-7H2,1H3",CCCCCC1=NCCS1,120.4259988171292,False,['21226-52-8'],1.0849866497
POOL-00030092,"InChI=1S/C9H20S/c1-4-5-6-7-8-9(2,3)10/h10H,4-8H2,1-3H3",CCCCCCC(C)(C)S,71.28767654158642,False,"['25360-10-5', '55646-15-6']",1.1441543794
POOL-00043234,"InChI=1S/C8H18OS/c1-3-5-7-10(9)8-6-4-2/h3-8H2,1-2H3",CCCCS(=O)CCCC,81.25838096618139,False,['2168-93-6'],1.1583599405
POOL-00040388,"InChI=1S/C7H14OS/c1-3-4-5-6-7(8)9-2/h3-6H2,1-2H3",CCCCCC(=O)SC,80.98533616859814,False,['2432-77-1'],1.1402536346
POOL-00038461,"InChI=1S/C10H19N/c1-4-7-10-11(8-5-2)9-6-3/h5-6,8-10H2,1-3H3",CC#CCN(CCC)CCC,123.54354095215778,False,['6323-71-3'],1.1632998209
POOL-00040727,"InChI=1S/C10H23N/c1-4-7-9-11(6-3)10-8-5-2/h4-10H2,1-3H3",CCCCN(CC)CCCC,63.27302875388389,False,['4458-33-7'],1.1419433973
POOL-00042284,"InChI=1S/C8H18S/c1-2-3-4-5-6-7-8-9/h9H,2-8H2,1H3",CCCCCCCCS,37.83229392178728,False,"['111-88-6', '94805-33-1']",1.081522932
POOL-00038456,"InChI=1S/C10H19N/c1-6-7-8-11(9(2)3)10(4)5/h9-10H,8H2,1-5H3",CC#CCN(C(C)C)C(C)C,139.9910498605025,False,['6323-68-8'],1.1636754986
POOL-00042850,"InChI=1S/C7H15F/c1-2-3-4-5-6-7-8/h2-7H2,1H3",CCCCCCCF,29.368065554250645,False,['661-11-0'],1.1457828438
POOL-00041481,"InChI=1S/C9H17NS/c1-8(2,3)6-9(4,5)10-7-11/h6H2,1-5H3",CC(C)(C)CC(C)(C)N=C=S,170.49197954441047,False,['17701-76-7'],1.1590203937
POOL-00030556,"InChI=1S/C8H14S/c1-7(2)5-9-6-8(3)4/h1,3,5-6H2,2,4H3",C=C(C)CSCC(=C)C,99.73604288123636,False,"['52444-06-1', '53926-81-1', '23973-54-8']",1.1400906058
POOL-00020387,"InChI=1S/C10H21N/c1-3-4-7-11-8-5-10(2)6-9-11/h10H,3-9H2,1-2H3",CCCCN1CCC(C)CC1,90.29101202564158,False,['103199-83-3'],1.1465270025
POOL-00030168,"InChI=1S/C10H16S/c1-3-5-6-10-8-7-9(4-2)11-10/h7-8H,3-6H2,1-2H3",CCCCc1ccc(CC)s1,200.392623445611,False,['54411-06-2'],1.1607622806
POOL-00036638,"InChI=1S/C8H18S/c1-3-5-6-8(4-2)7-9/h8-9H,3-7H2,1-2H3",CCCCC(CC)CS,48.52932501298081,False,['7341-17-5'],1.156664482
POOL-00030648,"InChI=1S/C10H16S/c1-2-3-4-5-6-10-7-8-11-9-10/h7-9H,2-6H2,1H3",CCCCCCc1ccsc1,165.0082745818173,False,['1693-86-3'],1.1572039705
POOL-00041517,"InChI=1S/C10H16S/c1-2-3-4-5-7-10-8-6-9-11-10/h6,8-9H,2-5,7H2,1H3",CCCCCCc1cccs1,165.0082745818173,False,['18794-77-9'],1.153412657
POOL-00020345,"InChI=1S/C9H19N/c1-3-6-10-7-4-9(2)5-8-10/h9H,3-8H2,1-2H3",CCCN1CCC(C)CC1,82.72905595320057,False,['103199-82-2'],1.1481685333
POOL-00035540,InChI=1S/C7H12BrN/c8-6-4-2-1-3-5-7-9/h1-6H2,N#CCCCCCCBr,85.40716557155841,False,['20965-27-9'],1.1591116072
POOL-00036863,"InChI=1S/C9H21N/c1-3-5-7-9-10-8-6-4-2/h10H,3-9H2,1-2H3",CCCCCNCCCC,44.68995593589281,False,['39536-61-3'],1.1076875728
POOL-00043110,"InChI=1S/C7H16S/c1-2-3-4-5-6-7-8/h8H,2-7H2,1H3",CCCCCCCS,29.368065554250645,False,['1639-09-4'],1.0923736852
POOL-00043072,"InChI=1S/C9H20S/c1-2-3-4-5-6-7-8-9-10/h10H,2-9H2,1H3",CCCCCCCCCS,44.68995593589281,False,['1455-21-6'],1.0743897647
POOL-00036744,"InChI=1S/C10H18O/c1-3-4-5-6-7-8-9-10(2)11/h3H,1,4-9H2,2H3",C=CCCCCCCC(C)=O,116.0411847243922,False,['35194-30-0'],1.1620925191
POOL-00040392,"InChI=1S/C9H21N/c1-3-4-5-6-7-8-9-10-2/h10H,3-9H2,1-2H3",CCCCCCCCNC,44.68995593589281,False,['2439-54-5'],1.1045621356
POOL-00035760,"InChI=1S/C8H19N/c1-3-4-5-6-7-8-9-2/h9H,3-8H2,1-2H3",CCCCCCCNC,37.83229392178728,False,['36343-05-2'],1.1017026793
POOL-00040630,"InChI=1S/C10H22S/c1-3-5-6-7-8-9-10-11-4-2/h3-10H2,1-2H3",CCCCCCCCSCC,53.89311688209828,False,['3698-94-0'],1.0739140725
POOL-00021337,"InChI=1S/C8H18S/c1-7(6-9)5-8(2,3)4/h7,9H,5-6H2,1-4H3",CC(CS)CC(C)(C)C,71.12704561867442,False,['110502-19-7'],1.1528036587
POOL-00040772,"InChI=1S/C7H16O/c1-3-4-5-6-7-8-2/h3-7H2,1-2H3",CCCCCCOC,29.368065554250645,False,['4747-07-3'],1.1490744606
POOL-00036399,"InChI=1S/C8H16OS/c1-3-4-8-5-6-9-7(2)10-8/h7-8H,3-6H2,1-2H3",CCCC1CCOC(C)S1,93.2583809661814,False,"['67715-80-4', '59323-76-1']",1.1555344065
POOL-00042630,"InChI=1S/C10H23N/c1-9(2)5-7-11-8-6-10(3)4/h9-11H,5-8H2,1-4H3",CC(C)CCNCCC(C)C,66.9419624661572,False,['544-00-3'],1.1130733709
POOL-00038457,"InChI=1S/C11H21N/c1-6-7-8-9-12(10(2)3)11(4)5/h10-11H,6,9H2,1-5H3",CCC#CCN(C(C)C)C(C)C,151.5782634926477,False,['6323-69-9'],1.1547258333
POOL-00043534,"InChI=1S/C9H14S/c1-2-3-4-6-9-7-5-8-10-9/h5,7-8H,2-4,6H2,1H3",CCCCCc1cccs1,153.24601182276447,False,['4861-58-9'],1.1406661758
POOL-00035366,"InChI=1S/C10H21N/c1-2-3-8-11-9-6-4-5-7-10-11/h2-10H2,1H3",CCCCN1CCCCCC1,82.8735668734444,False,['15753-35-2'],1.1438028691
POOL-00037806,"InChI=1S/C7H13NS/c1-2-3-4-7-8-5-6-9-7/h2-6H2,1H3",CCCCC1=NCCS1,109.48377837619049,False,['28221-34-3'],1.120660435
POOL-00009598,"InChI=1S/C9H14S/c1-2-3-4-5-9-6-7-10-8-9/h6-8H,2-5H2,1H3",CCCCCc1ccsc1,153.24601182276447,False,"['102871-31-8', '110851-62-2']",1.1440392263
POOL-00037138,"InChI=1S/C11H21N/c1-4-7-10-12(9-6-3)11-8-5-2/h3H,4-5,7-11H2,1-2H3",C#CCN(CCCC)CCCC,115.45602719931668,False,['6336-58-9'],1.1625886636
POOL-00014591,"InChI=1S/C10H18O/c1-2-3-4-5-6-7-8-10-9-11-10/h2,10H,1,3-9H2",C=CCCCCCCC1CO1,105.44040467374955,False,['85721-25-1'],1.0877810504
POOL-00042800,"InChI=1S/C8H19N/c1-5-7(3)9-8(4)6-2/h7-9H,5-6H2,1-4H3",CCC(C)NC(C)CC,53.587975038942446,False,['626-23-3'],1.14783473
POOL-00039217,"InChI=1S/C8H14O/c1-3-5-6-7-8(9)4-2/h4H,2-3,5-7H2,1H3",C=CC(=O)CCCCC,94.7407576846492,False,['4312-99-6'],1.1615245042
POOL-00030550,"InChI=1S/C10H23N/c1-3-5-7-8-10-11-9-6-4-2/h11H,3-10H2,1-2H3",CCCCCCNCCCC,53.89311688209828,False,"['30278-08-1', '38202-69-6']",1.1040307078
POOL-00027554,"InChI=1S/C8H16O/c1-2-3-4-5-6-8-7-9-8/h8H,2-7H2,1H3",CCCCCCC1CO1,66.96788691072805,False,"['2984-50-1', '26637-94-5']",1.1652270843
POOL-00041080,"InChI=1S/C7H13NS/c1-2-3-4-5-6-9-7-8/h2-6H2,1H3",CCCCCCSC#N,85.40716557155841,False,['6803-40-3'],1.164621262
POOL-00042461,"InChI=1S/C10H22S/c1-2-3-4-5-6-7-8-9-10-11/h11H,2-10H2,1H3",CCCCCCCCCCS,53.89311688209828,False,['143-10-2'],1.075628191
POOL-00039205,"InChI=1S/C8H12OS/c1-7(2)10-6-8-4-3-5-9-8/h3-5,7H,6H2,1-2H3",CC(C)SCc1ccco1,167.39308867455426,False,['1883-78-9'],1.1647159018
POOL-00043210,"InChI=1S/C10H23N/c1-3-5-7-9-11-10-8-6-4-2/h11H,3-10H2,1-2H3",CCCCCNCCCCC,53.89311688209828,False,['2050-92-2'],1.1268549567
POOL-00043217,"InChI=1S/C9H21N/c1-7-9(5,6)10-8(2,3)4/h10H,7H2,1-6H3",CCC(C)(C)NC(C)(C)C,97.7861187491788,False,['2085-66-7'],1.1421195833
POOL-00030635,"InChI=1S/C8H12S/c1-2-3-4-8-5-6-9-7-8/h5-7H,2-4H2,1H3",CCCCc1ccsc1,141.6110615387331,False,['34722-01-5'],1.1638288059
POOL-00040151,"InChI=1S/C8H12S/c1-2-3-5-8-6-4-7-9-8/h4,6-7H,2-3,5H2,1H3",CCCCc1cccs1,141.6110615387331,False,['1455-20-5'],1.1488095381
POOL-00043468,"InChI=1S/C11H25N/c1-9(2)7-6-8-11(5)12-10(3)4/h9-12H,6-8H2,1-5H3",CC(C)CCCC(C)NC(C)C,97.177234875312,False,['13946-02-6'],1.1211026215
POOL-00043034,"InChI=1S/C9H19N/c1-7-9(5,6)10-8(2,3)4/h7,10H,1H2,2-6H3",C=CC(C)(C)NC(C)(C)C,117.18018093156589,False,['40137-02-8'],1.1528628672
POOL-00030466,"InChI=1S/C10H19N/c1-7-9(3,4)11-10(5,6)8-2/h1,11H,8H2,2-6H3",C#CC(C)(C)NC(C)(C)CC,160.20181564730422,False,['2978-40-7'],1.150974221
POOL-00022769,"InChI=1S/C10H21N/c1-7-9(3,4)11-10(5,6)8-2/h7,11H,1,8H2,2-6H3",C=CC(C)(C)NC(C)(C)CC,133.8082034586482,False,['2978-45-2'],1.1469116974
POOL-00017143,"InChI=1S/C8H12O/c1-3-4-8-6-5-7(2)9-8/h5-6H,3-4H2,1-2H3",CCCc1ccc(C)o1,176.44824523649797,False,['1456-16-2'],1.1383293427
POOL-00033463,"InChI=1S/C7H12Br2O/c1-6(2,8)5(10)7(3,4)9/h1-4H3",CC(C)(Br)C(=O)C(C)(C)Br,122.66554653773974,False,['17346-16-6'],1.1638230208
POOL-00040877,"InChI=1S/C6H14S2/c1-3-7-5-6-8-4-2/h3-6H2,1-2H3",CCSCCSCC,31.509775004326936,False,['5395-75-5'],1.1267242426
POOL-00033925,"InChI=1S/C8H18S2/c1-3-5-9-7-8-10-6-4-2/h3-8H2,1-2H3",CCCSCCSCCC,47.21928094887362,False,['22037-97-4'],1.0762064236
POOL-00033197,"InChI=1S/C7H16S2/c1-8-6-4-3-5-7-9-2/h3-7H2,1-2H3",CSCCCCCSC,40.18080946738405,False,['54410-63-8'],1.1018746072
POOL-00004304,"InChI=1S/C9H20NO/c1-7-9(5,6)10(11)8(2,3)4/h7H2,1-6H3",CCC(C)(C)N([O])C(C)(C)C,124.01464778770251,False,['28670-60-2'],1.1562841999
POOL-00040494,"InChI=1S/C9H16OS2/c1-3-5-6-7-10-9(11)12-8-4-2/h4H,2-3,5-8H2,1H3",C=CCSC(=S)OCCCCC,134.49022499567306,False,['2956-12-9'],1.1542262072
,,,,,,
POOL-00038669,"InChI=1S/C19H25NO/c1-15-5-9-17(10-6-15)19(21-14-13-20(3)4)18-11-7-16(2)8-12-18/h5-12,19H,13-14H2,1-4H3",Cc1ccc(C(OCCN(C)C)c2ccc(C)cc2)cc1,497.2839661770273,False,['21945-90-4'],1.1591383828
POOL-00035692,"InChI=1S/C19H31N/c1-16(15-20-12-6-5-7-13-20)14-17-8-10-18(11-9-17)19(2,3)4/h8-11,16H,5-7,12-15H2,1-4H3",CC(Cc1ccc(C(C)(C)C)cc1)CN1CCCCC1,392.7695805574043,False,['67306-00-7'],1.1481797325
POOL-00043679,"InChI=1S/C20H27N/c1-16(21-20(2,3)4)15-19(17-11-7-5-8-12-17)18-13-9-6-10-14-18/h5-14,16,19,21H,15H2,1-4H3",CC(CC(c1ccccc1)c1ccccc1)NC(C)(C)C,485.2698019796367,False,['15793-40-5'],1.151239815
POOL-00041732,"InChI=1S/C20H27N/c1-2-21(17-9-15-19-11-5-3-6-12-19)18-10-16-20-13-7-4-8-14-20/h3-8,11-14H,2,9-10,15-18H2,1H3",CCN(CCCc1ccccc1)CCCc1ccccc1,432.2063054755322,False,['150-59-4'],1.112158689
POOL-00017494,"InChI=1S/C17H21N/c1-15(13-16-9-5-3-6-10-16)18(2)14-17-11-7-4-8-12-17/h3-12,15H,13-14H2,1-2H3",CC(Cc1ccccc1)N(C)Cc1ccccc1,404.0510126862726,False,['101-47-3'],1.1525024607
POOL-00013635,"InChI=1S/C18H23N/c1-3-9-17(10-4-1)13-7-15-19-16-8-14-18-11-5-2-6-12-18/h1-6,9-12,19H,7-8,13-16H2",c1ccc(CCCNCCCc2ccccc2)cc1,392.2621667889614,False,['93948-20-0'],1.1250238891
POOL-00019422,"InChI=1S/C19H23N/c1-3-5-6-17-11-13-19(14-12-17)20-15-18-9-7-16(4-2)8-10-18/h7-15H,3-6H2,1-2H3",CCCCc1ccc(N=Cc2ccc(CC)cc2)cc1,534.9838621964205,False,['54379-33-8'],1.1521670424
POOL-00035693,"InChI=1S/C20H33NO/c1-15(12-21-13-16(2)22-17(3)14-21)11-18-7-9-19(10-8-18)20(4,5)6/h7-10,15-17H,11-14H2,1-6H3",CC(Cc1ccc(C(C)(C)C)cc1)CN1CC(C)OC(C)C1,449.5907426226767,False,"['67306-03-0', '76492-92-7']",1.1138063513
POOL-00036823,"InChI=1S/C17H21N/c1-14(18-2)13-17(15-9-5-3-6-10-15)16-11-7-4-8-12-16/h3-12,14,17-18H,13H2,1-2H3",CNC(C)CC(c1ccccc1)c1ccccc1,410.0510126862726,False,['29869-78-1'],1.1539363194
POOL-00012090,"InChI=1S/C16H18O/c1-13-3-7-15(8-4-13)11-17-12-16-9-5-14(2)6-10-16/h3-10H,11-12H2,1-2H3",Cc1ccc(COCc2ccc(C)cc2)cc1,408.3887814334612,False,['38460-98-9'],1.1650362114
POOL-00037220,"InChI=1S/C17H29N/c1-15(2,3)12-10-13(16(4,5)6)18-14(11-12)17(7,8)9/h10-11H,1-9H3",CC(C)(C)c1cc(C(C)(C)C)nc(C(C)(C)C)c1,343.3868841760556,False,['20336-15-6'],1.152331836
POOL-00035003,"InChI=1S/C18H30O/c1-7-8-13-19-16-11-9-15(10-12-16)18(5,6)14-17(2,3)4/h9-12H,7-8,13-14H2,1-6H3",CCCCOc1ccc(C(C)(C)CC(C)(C)C)cc1,367.6719109834722,False,['111753-22-1'],1.1613347946
POOL-00020587,"InChI=1S/C21H28O/c1-20(2,3)16-21(4,5)18-11-13-19(14-12-18)22-15-17-9-7-6-8-10-17/h6-14H,15-16H2,1-5H3",CC(C)(C)CC(C)(C)c1ccc(OCc2ccccc2)cc1,573.5542470935233,False,['110875-85-9'],1.1630233341
POOL-00018865,"InChI=1S/C18H24N2/c1-19(17-11-5-3-6-12-17)15-9-10-16-20(2)18-13-7-4-8-14-18/h3-8,11-14H,9-10,15-16H2,1-2H3",CN(CCCCN(C)c1ccccc1)c1ccccc1,433.7861133667111,False,['47085-51-8'],1.1612654247
POOL-00009193,"InChI=1S/C18H22O2/c1-13-5-7-17(15(3)11-13)19-9-10-20-18-8-6-14(2)12-16(18)4/h5-8,11-12H,9-10H2,1-4H3",Cc1ccc(OCCOc2ccc(C)cc2C)c(C)c1,534.4672481115399,False,['98155-65-8'],1.1642285334
POOL-00043635,"InChI=1S/C16H19NO/c18-12-11-17(13-15-7-3-1-4-8-15)14-16-9-5-2-6-10-16/h1-10,18H,11-14H2",OCCN(Cc1ccccc1)Cc1ccccc1,399.6688440854565,False,['101-06-4'],1.1549018391
POOL-00018276,"InChI=1S/C17H26O/c1-7-12-18-15-10-8-14(9-11-15)17(5,6)13-16(2,3)4/h7-11H,1,12-13H2,2-6H3",C=CCOc1ccc(C(C)(C)CC(C)(C)C)cc1,379.0662735150645,False,['61103-72-8'],1.1648063939
POOL-00039108,"InChI=1S/C21H35NO/c1-7-21(5,6)20-10-8-19(9-11-20)12-16(2)13-22-14-17(3)23-18(4)15-22/h8-11,16-18H,7,12-15H2,1-6H3",CCC(C)(C)c1ccc(CC(C)CN2CC(C)OC(C)C2)cc1,469.1198661635265,False,['67467-83-8'],1.1286599391
POOL-00039469,"InChI=1S/C17H29NO/c1-16(2,3)13-9-12(11-18(7)8)10-14(15(13)19)17(4,5)6/h9-10,19H,11H2,1-8H3",CN(C)Cc1cc(C(C)(C)C)c(O)c(C(C)(C)C)c1,412.30547357609953,False,['88-27-7'],1.1650723301
POOL-00021866,"InChI=1S/C19H27NS/c1-2-3-4-5-6-16-7-9-17(10-8-16)18-11-13-19(14-12-18)20-15-21/h11-14,16-17H,2-10H2,1H3",CCCCCCC1CCC(c2ccc(N=C=S)cc2)CC1,450.9596270376561,False,['92444-14-9'],1.1218411436
POOL-00034688,"InChI=1S/C18H26OS/c19-17-14-10-5-3-1-2-4-6-11-15-18(17)20-16-12-8-7-9-13-16/h7-9,12-13,18H,1-6,10-11,14-15H2",O=C1CCCCCCCCCCC1Sc1ccccc1,387.6645126322818,False,['52190-43-9'],1.1591533716
POOL-00014111,"InChI=1S/C22H31NO/c1-17(2)21(20-15-11-8-12-16-20)23(22(4,5)6)24-18(3)19-13-9-7-10-14-19/h7-18,21H,1-6H3",CC(ON(C(c1ccccc1)C(C)C)C(C)(C)C)c1ccccc1,600.8719708593618,False,['227000-59-1'],1.1301889631
POOL-00042884,"InChI=1S/C18H30O/c1-16(2,3)12-10-13(17(4,5)6)15(19)14(11-12)18(7,8)9/h10-11,19H,1-9H3",CC(C)(C)c1cc(C(C)(C)C)c(O)c(C(C)(C)C)c1,426.92947976472783,False,['732-26-3'],1.1615000519
POOL-00036699,"InChI=1S/C15H30N2/c1-16-10-6-14(7-11-16)4-3-5-15-8-12-17(2)13-9-15/h14-15H,3-13H2,1-2H3",CN1CCC(CCCC2CCN(C)CC2)CC1,178.9673593457506,False,['64168-11-2'],1.1658200372
POOL-00035779,"InChI=1S/C16H15BrF2/c17-11-1-2-16(12-3-7-14(18)8-4-12)13-5-9-15(19)10-6-13/h3-10,16H,1-2,11H2",Fc1ccc(C(CCCBr)c2ccc(F)cc2)cc1,459.7770718424681,False,['57668-61-8'],1.1470226624
POOL-00032719,"InChI=1S/C15H28N2/c1-3-16(4-2)12-8-5-6-9-13-17-14-10-7-11-15-17/h3-5,7-8,10-15H2,1-2H3",CCN(CC)CCCC#CCN1CCCCC1,229.0417122039744,False,['7249-82-3'],1.1508004458
POOL-00043054,"InChI=1S/C15H18BrN/c1-2-17(11-10-16)12-14-8-5-7-13-6-3-4-9-15(13)14/h3-9H,2,10-12H2,1H3",CCN(CCBr)Cc1cccc2ccccc12,475.8104436603304,False,['1946-26-5'],1.1257614682
POOL-00018727,"InChI=1S/C15H12Br2O/c16-15(17)10-12-6-8-14(9-7-12)18-11-13-4-2-1-3-5-13/h1-10H,11H2",BrC(Br)=Cc1ccc(OCc2ccccc2)cc1,513.949682051087,False,['114943-73-6'],1.1612643911
POOL-00030664,"InChI=1S/C17H12O/c18-17(13-11-15-7-3-1-4-8-15)14-12-16-9-5-2-6-10-16/h1-10,17-18H",OC(C#Cc1ccccc1)C#Cc1ccccc1,549.1450476064688,False,['15814-32-1'],1.1647738319
POOL-00035345,"InChI=1S/C16H24N2/c1-2-6-15(7-3-1)14-17-12-8-16(9-13-17)18-10-4-5-11-18/h1-3,6-7,16H,4-5,8-14H2",c1ccc(CN2CCC(N3CCCC3)CC2)cc1,348.6195267231772,False,['4876-57-7'],1.1656484584
POOL-00037194,"InChI=1S/C17H29P/c1-15(2,3)12-10-13(16(4,5)6)18-14(11-12)17(7,8)9/h10-11H,1-9H3",CC(C)(C)c1cc(C(C)(C)C)pc(C(C)(C)C)c1,343.3868841760556,False,['17420-29-0'],1.146547053
POOL-00021633,"InChI=1S/C15H19N/c1-3-16(4-2)12-14-10-7-9-13-8-5-6-11-15(13)14/h5-11H,3-4,12H2,1-2H3",CCN(CC)Cc1cccc2ccccc12,452.4465342673983,False,['35693-45-9'],1.1412999751
POOL-00016305,"InChI=1S/C17H26O/c1-11-9-14-15(10-13(11)12(2)18)17(5,6)8-7-16(14,3)4/h9-10,12,18H,7-8H2,1-6H3",Cc1cc2c(cc1C(C)O)C(C)(C)CCC2(C)C,466.7435906351091,False,['156692-01-2'],1.1560488786
POOL-00003824,"InChI=1S/C19H35N2P/c1-9-21(10-2)14-16-12-11-13-17(20-16)15-22(18(3,4)5)19(6,7)8/h11-13H,9-10,14-15H2,1-8H3",CCN(CC)Cc1cccc(CP(C(C)(C)C)C(C)(C)C)n1,439.23836698084654,False,['863971-66-8'],1.1409790861
POOL-00041872,"InChI=1S/C17H27NO2/c1-5-7-18(8-6-2)15-9-13-11-16(19-3)17(20-4)12-14(13)10-15/h11-12,15H,5-10H2,1-4H3",CCCN(CCC)C1Cc2cc(OC)c(OC)cc2C1,405.8612988633272,False,"['82668-33-5', '1217227-99-0']",1.1607072411
POOL-00037777,"InChI=1S/C24H35NO/c1-19(2)16-25(17-20(3)4)18-21(5)24(26,22-12-8-6-9-13-22)23-14-10-7-11-15-23/h6-15,19-21,26H,16-18H2,1-5H3",CC(C)CN(CC(C)C)CC(C)C(O)(c1ccccc1)c1ccccc1,586.2749235491044,False,['14326-26-2'],1.1500248593
POOL-00030243,"InChI=1S/C13H10Br2N2/c14-10-1-5-12(6-2-10)16-9-17-13-7-3-11(15)4-8-13/h1-9H,(H,16,17)",Brc1ccc(N=CNc2ccc(Br)cc2)cc1,503.9476010524615,False,['30881-03-9'],1.1407154957
POOL-00016053,"InChI=1S/C22H29NOS/c1-4-21(22(24)25-17-16-23(5-2)6-3)20-14-12-19(13-15-20)18-10-8-7-9-11-18/h7-15,21H,4-6,16-17H2,1-3H3",CCC(C(=O)SCCN(CC)CC)c1ccc(-c2ccccc2)cc1,634.836612526928,False,['7009-79-2'],1.1566594646
POOL-00036901,"InChI=1S/C14H18O3/c1-5-16-13-9-11-10(8-12(13)15-4)6-7-14(2,3)17-11/h6-9H,5H2,1-4H3",CCOc1cc2c(cc1OC)C=CC(C)(C)O2,447.0256987582824,False,['65383-73-5'],1.1642919001
,,,,,,
POOL-00037181,"InChI=1S/C13H12S/c1-11-7-5-6-10-13(11)14-12-8-3-2-4-9-12/h2-10H,1H3",Cc1ccccc1Sc1ccccc1,406.59055657608906,False,['13963-35-4'],1.14442276
POOL-00037210,"InChI=1S/C11H13NS/c1-11(2,3)9-4-6-10(7-5-9)12-8-13/h4-7H,1-3H3",CC(C)(C)c1ccc(N=C=S)cc1,326.1030659557311,False,['19241-24-8'],1.1350263773
POOL-00016809,"InChI=1S/C9H9BrOS/c1-7(11)12-6-8-2-4-9(10)5-3-8/h2-5H,6H2,1H3",CC(=O)SCc1ccc(Br)cc1,268.36195376207496,False,['351003-15-1'],1.1565766853
POOL-00037364,"InChI=1S/C10H11NS/c1-8(2)9-3-5-10(6-4-9)11-7-12/h3-6,8H,1-2H3",CC(C)c1ccc(N=C=S)cc1,294.1195475100625,False,['89007-45-4'],1.1653138989
POOL-00040429,"InChI=1S/C10H11NS/c12-9-11-8-4-7-10-5-2-1-3-6-10/h1-3,5-6H,4,7-8H2",S=C=NCCCc1ccccc1,262.4268853283456,False,['2627-27-2'],1.1427726883
POOL-00012764,"InChI=1S/C10H11BrO/c1-2-7-12-8-9-5-3-4-6-10(9)11/h2-6H,1,7-8H2",C=CCOCc1ccccc1Br,257.7704214917904,False,['87280-01-1'],1.1501797837
POOL-00042617,"InChI=1S/C14H14S/c1-3-7-13(8-4-1)11-15-12-14-9-5-2-6-10-14/h1-10H,11-12H2",c1ccc(CSCc2ccccc2)cc1,341.0981589624613,False,['538-74-9'],1.153878006
POOL-00039061,"InChI=1S/C11H14BrN/c1-10(12)8-13(2)9-11-6-4-3-5-7-11/h3-7H,1,8-9H2,2H3",C=C(Br)CN(C)Cc1ccccc1,268.67858479938934,False,['111831-90-4'],1.1120900341
POOL-00012342,"InChI=1S/C8H9BrS/c1-10-6-7-3-2-4-8(9)5-7/h2-5H,6H2,1H3",CSCc1cccc(Br)c1,210.1674941941729,False,['76354-12-6'],1.1371885809
POOL-00020427,"InChI=1S/C8H9BrS/c1-10-6-7-4-2-3-5-8(7)9/h2-5H,6H2,1H3",CSCc1ccccc1Br,210.1674941941729,False,['19614-11-0'],1.1420462704
POOL-00037129,"InChI=1S/C10H11NS/c1-7-4-8(2)10(11-6-12)9(3)5-7/h4-5H,1-3H3",Cc1cc(C)c(N=C=S)c(C)c1,325.8513664846874,False,['6095-82-5'],1.1658146253
POOL-00037626,"InChI=1S/C10H13BrO/c1-9-3-5-10(6-4-9)12-8-2-7-11/h3-6H,2,7-8H2,1H3",Cc1ccc(OCCCBr)cc1,217.78511805929529,False,['16929-24-1'],1.155452684
POOL-00026315,"InChI=1S/C10H13BrO/c11-7-4-8-12-9-10-5-2-1-3-6-10/h1-3,5-6H,4,7-9H2",BrCCCOCc1ccccc1,198.253369807243,False,['54314-84-0'],1.1615278896
POOL-00016926,"InChI=1S/C13H18S/c1-3-7-12(8-4-1)11-14-13-9-5-2-6-10-13/h1,3-4,7-8,13H,2,5-6,9-11H2",c1ccc(CSC2CCCCC2)cc1,249.19788985401652,False,['19843-98-2'],1.1512966438
POOL-00012343,"InChI=1S/C8H9BrS/c1-10-6-7-2-4-8(9)5-3-7/h2-5H,6H2,1H3",CSCc1ccc(Br)cc1,192.9174941941729,False,['15733-07-0'],1.1460172129
POOL-00004621,"InChI=1S/C12H15BrO/c13-11-5-3-4-10(8-11)9-14-12-6-1-2-7-12/h3-5,8,12H,1-2,6-7,9H2",Brc1cccc(COC2CCCC2)c1,292.1281328280951,False,['1249769-70-7'],1.13115649
POOL-00009440,"InChI=1S/C9H10BrF/c10-6-2-4-8-3-1-5-9(11)7-8/h1,3,5,7H,2,4,6H2",Fc1cccc(CCCBr)c1,222.5576473355494,False,['156868-84-7'],1.1511280867
POOL-00018645,"InChI=1S/C11H15BrO/c12-8-4-5-9-13-10-11-6-2-1-3-7-11/h1-3,6-7H,4-5,8-10H2",BrCCCCOCc1ccccc1,210.59008057650735,False,['60789-54-0'],1.1621908192
POOL-00040311,"InChI=1S/C13H13N/c1-2-6-12(7-3-1)9-10-13-8-4-5-11-14-13/h1-8,11H,9-10H2",c1ccc(CCc2ccccn2)cc1,327.4658503824488,False,['2116-62-3'],1.1322269616
POOL-00013698,"InChI=1S/C10H15BrS/c1-2-3-4-5-6-9-7-8-10(11)12-9/h7-8H,2-6H2,1H3",CCCCCCc1ccc(Br)s1,217.36808514856,False,['211737-28-9'],1.1575412549
POOL-00037206,"InChI=1S/C9H9NS/c1-2-8-3-5-9(6-4-8)10-7-11/h3-6H,2H2,1H3",CCc1ccc(N=C=S)cc1,270.11913671997195,False,['18856-63-8'],1.1433850605
POOL-00010816,"InChI=1S/C11H15BrO/c1-9-4-5-11(8-10(9)2)13-7-3-6-12/h4-5,8H,3,6-7H2,1-2H3",Cc1ccc(OCCCBr)cc1C,270.7928308075413,False,['103857-79-0'],1.1561346883
POOL-00038493,"InChI=1S/C9H12BrN/c1-11(2)7-8-3-5-9(10)6-4-8/h3-6H,7H2,1-2H3",CN(C)Cc1ccc(Br)cc1,215.50927179154448,False,['6274-57-3'],1.1232256197
POOL-00038740,"InChI=1S/C12H18O/c1-11(2)8-9-13-10-12-6-4-3-5-7-12/h3-7,11H,8-10H2,1-2H3",CC(C)CCOCc1ccccc1,215.82590282885883,False,['122-73-6'],1.1630535714
POOL-00043256,"InChI=1S/C9H9NS/c11-8-10-7-6-9-4-2-1-3-5-9/h1-5H,6-7H2",S=C=NCCc1ccccc1,249.5250600730738,False,['2257-09-2'],1.1469716554
POOL-00016990,"InChI=1S/C9H11BrO/c1-11-7-6-8-4-2-3-5-9(8)10/h2-5H,6-7H2,1H3",COCCc1ccccc1Br,222.5576473355494,False,['39767-89-0'],1.1564624422
POOL-00040156,"InChI=1S/C9H11BrO/c10-6-7-11-8-9-4-2-1-3-5-9/h1-5H,6-8H2",BrCCOCc1ccccc1,186.01403827281283,False,['1462-37-9'],1.1436124402
POOL-00037209,"InChI=1S/C9H9NS/c1-7-3-4-8(2)9(5-7)10-6-11/h3-5H,1-2H3",Cc1ccc(C)c(N=C=S)c1,311.3388137401482,False,['19241-15-7'],1.1513954245
POOL-00030148,InChI=1S/C12H8BrF/c13-10-6-7-11(12(14)8-10)9-4-2-1-3-5-9/h1-8H,Fc1cc(Br)ccc1-c1ccccc1,437.3296467381503,False,['41604-19-7'],1.1575707612
POOL-00037991,"InChI=1S/C13H13N/c1-2-4-12(5-3-1)6-7-13-8-10-14-11-9-13/h1-5,8-11H,6-7H2",c1ccc(CCc2ccncc2)cc1,327.4658503824488,False,['2116-64-5'],1.1577828032
POOL-00026267,"InChI=1S/C13H16O/c1-3-5-6-11-14-13-9-7-12(4-2)8-10-13/h2,7-10H,3,5-6,11H2,1H3",C#Cc1ccc(OCCCCC)cc1,292.0067560189275,False,['79887-16-4'],1.1292851915
POOL-00004949,"InChI=1S/C9H9BrO/c10-9-3-1-7(2-4-9)8-5-11-6-8/h1-4,8H,5-6H2",Brc1ccc(C2COC2)cc1,238.2445752240396,False,['1402158-49-9'],1.164642301
POOL-00033435,"InChI=1S/C11H11NO/c1-13-11-6-4-10(5-7-11)12-8-2-3-9-12/h2-9H,1H3",COc1ccc(-n2cccc2)cc1,361.4986193008159,False,['5145-71-1'],1.1604206774
POOL-00036853,"InChI=1S/C13H17N/c1-3-14(4-2)12-8-11-13-9-6-5-7-10-13/h5-7,9-10H,3-4,12H2,1-2H3",CCN(CC)CC#Cc1ccccc1,301.0026022191556,False,['22396-72-1'],1.1502068897
POOL-00012655,"InChI=1S/C9H8BrF3O/c1-6(10)7-2-4-8(5-3-7)14-9(11,12)13/h2-6H,1H3",CC(Br)c1ccc(OC(F)(F)F)cc1,291.9205308489469,False,['68120-57-0'],1.1495983206
POOL-00030130,"InChI=1S/C14H11NS/c16-11-15-14(12-7-3-1-4-8-12)13-9-5-2-6-10-13/h1-10,14H",S=C=NC(c1ccccc1)c1ccccc1,447.1584954868304,False,['3550-21-8'],1.1354686684
POOL-00036080,InChI=1S/C12H8BrF/c13-11-5-1-9(2-6-11)10-3-7-12(14)8-4-10/h1-8H,Fc1ccc(-c2ccc(Br)cc2)cc1,373.5796467381504,False,['398-21-0'],1.1499221006
POOL-00037302,"InChI=1S/C8H6BrF3O/c9-5-6-1-3-7(4-2-6)13-8(10,11)12/h1-4H,5H2",FC(F)(F)Oc1ccc(CBr)cc1,267.7127825957457,False,['50824-05-0'],1.1547881911
POOL-00043168,"InChI=1S/C8H10OS/c1-9-7-3-5-8(10-2)6-4-7/h3-6H,1-2H3",COc1ccc(SC)cc1,169.91749419417292,False,['1879-16-9'],1.1530044284
POOL-00036118,"InChI=1S/C14H13N/c1-12-7-5-6-10-14(12)15-11-13-8-3-2-4-9-13/h2-11H,1H3",Cc1ccccc1N=Cc1ccccc1,457.7747334847246,False,['5877-55-4'],1.1323557738
POOL-00043586,"InChI=1S/C15H17N/c1-16(12-14-8-4-2-5-9-14)13-15-10-6-3-7-11-15/h2-11H,12-13H2,1H3",CN(Cc1ccccc1)Cc1ccccc1,366.4647893410623,False,['102-05-6'],1.1571011079
POOL-00009645,"InChI=1S/C13H13N/c1-14-13-9-7-12(8-10-13)11-5-3-2-4-6-11/h2-6,9,12H,7-8,10H2",[C-]#[N+]C1=CCC(c2ccccc2)CC1,369.9720783291414,False,['128798-39-0'],1.1616607461
POOL-00001847,"InChI=1S/C12H17BrO/c1-9-7-11(3)12(8-10(9)2)14-6-4-5-13/h7-8H,4-6H2,1-3H3",Cc1cc(C)c(OCCCBr)cc1C,307.43519335543743,False,['3244-20-0'],1.154709341
POOL-00004620,"InChI=1S/C13H17BrO/c14-12-6-4-5-11(9-12)10-15-13-7-2-1-3-8-13/h4-6,9,13H,1-3,7-8,10H2",Brc1cccc(COC2CCCCC2)c1,305.15919205790544,False,['1224436-10-5'],1.1581780189
POOL-00023604,"InChI=1S/C10H13F/c1-3-8-6-5-7-9(4-2)10(8)11/h5-7H,3-4H2,1-2H3",CCc1cccc(CC)c1F,218.37813497601377,False,['84604-67-1'],1.1522522269
POOL-00037897,"InChI=1S/C15H17N/c1-16(2)15(13-9-5-3-6-10-13)14-11-7-4-8-12-14/h3-12,15H,1-2H3",CN(C)C(c1ccccc1)c1ccccc1,380.20264390819705,False,['5336-72-1'],1.1570245498
POOL-00006599,"InChI=1S/C12H17BrO/c1-10-5-6-11(2)12(9-10)14-8-4-3-7-13/h5-6,9H,3-4,7-8H2,1-2H3",Cc1ccc(C)c(OCCCCBr)c1,283.65026016439094,False,['23468-29-3'],1.1658284028
POOL-00030235,InChI=1S/C13H10BrN/c14-12-7-4-8-13(9-12)15-10-11-5-2-1-3-6-11/h1-10H,Brc1cccc(N=Cc2ccccc2)c1,462.9719860576969,False,['62618-44-4'],1.1471630526
POOL-00041323,"InChI=1S/C10H12O/c1-2-8-11-9-10-6-4-3-5-7-10/h2-7H,1,8-9H2",C=CCOCc1ccccc1,203.3725789018201,False,['14593-43-2'],1.1575252327
POOL-00030649,"InChI=1S/C12H20S/c1-2-3-4-5-6-7-8-12-9-10-13-11-12/h9-11H,2-8H2,1H3",CCCCCCCCc1ccsc1,188.89921041881811,False,['65016-62-8'],1.1523544481
POOL-00011351,"InChI=1S/C14H13BrO/c15-14-8-6-13(7-9-14)11-16-10-12-4-2-1-3-5-12/h1-9H,10-11H2",Brc1ccc(COCc2ccccc2)cc1,422.2481464313548,False,['81395-27-9'],1.1644666104
POOL-00033206,InChI=1S/C13H10BrN/c14-12-6-8-13(9-7-12)15-10-11-4-2-1-3-5-11/h1-10H,Brc1ccc(N=Cc2ccccc2)cc1,445.7219860576968,False,"['780-20-1', '1750-23-8']",1.1491450389
POOL-00025595,"InChI=1S/C11H16S/c1-11(2,3)10-6-4-9(8-12)5-7-10/h4-7,12H,8H2,1-3H3",CC(C)(C)c1ccc(CS)cc1,240.70177697819747,False,"['49543-63-7', '4954-36-3']",1.160051586
POOL-00039898,"InChI=1S/C12H11P/c1-3-7-11(8-4-1)13-12-9-5-2-6-10-12/h1-10,13H",c1ccc(Pc2ccccc2)cc1,315.89864866417315,False,['829-85-6'],1.1536802994
POOL-00042893,"InChI=1S/C8H10S/c1-9-7-8-5-3-2-4-6-8/h2-6H,7H2,1H3",CSCc1ccccc1,157.4784207656209,False,['766-92-7'],1.1527060659
POOL-00034241,"InChI=1S/C10H14S/c1-7-4-8(2)10(6-11)9(3)5-7/h4-5,11H,6H2,1-3H3",Cc1cc(C)c(CS)c(C)c1,240.5704416306905,False,['21411-42-7'],1.1608403352
POOL-00043583,"InChI=1S/C10H12S2/c1-2-5-9(6-3-1)10-11-7-4-8-12-10/h1-3,5-6,10H,4,7-8H2",c1ccc(C2SCCCS2)cc1,226.8537121839843,False,['5425-44-5'],1.1506958297
POOL-00031133,"InChI=1S/C15H13N/c16-11-10-13-6-8-15(9-7-13)12-14-4-2-1-3-5-14/h1-9H,10,12H2",N#CCc1ccc(Cc2ccccc2)cc1,477.0934429550186,False,['101096-72-4'],1.1648044557
POOL-00037934,"InChI=1S/C16H18O/c1-16(2,3)13-9-11-15(12-10-13)17-14-7-5-4-6-8-14/h4-12H,1-3H3",CC(C)(C)c1ccc(Oc2ccccc2)cc1,463.1284072896908,False,['5331-28-2'],1.1387726822
POOL-00042942,InChI=1S/C12H10S2/c1-3-7-11(8-4-1)13-14-12-9-5-2-6-10-12/h1-10H,c1ccc(SSc2ccccc2)cc1,330.5520167096292,False,"['882-33-7', '93345-44-9']",1.1539814279
POOL-00043208,InChI=1S/C12H8Br2O/c13-9-1-5-11(6-2-9)15-12-7-3-10(14)4-8-12/h1-8H,Brc1ccc(Oc2ccc(Br)cc2)cc1,390.6842279806418,False,['2050-47-7'],1.1431106703
POOL-00039857,"InChI=1S/C14H15OP/c1-2-15-16(13-9-5-3-6-10-13)14-11-7-4-8-12-14/h3-12H,2H2,1H3",CCOP(c1ccccc1)c1ccccc1,373.7651793663836,False,['719-80-2'],1.1544138728
POOL-00031505,InChI=1S/C8H5BrS2/c9-8-4-3-7(11-8)6-2-1-5-10-6/h1-5H,Brc1ccc(-c2cccs2)s1,334.61053373247853,False,['3480-11-3'],1.1622370606
POOL-00033666,"InChI=1S/C10H10S2/c1-7-3-5-9(11-7)10-6-4-8(2)12-10/h3-6H,1-2H3",Cc1ccc(-c2ccc(C)s2)s1,343.7039671069579,False,['16303-58-5'],1.1553733411
POOL-00005637,"InChI=1S/C9H8BrNO/c10-7-8-1-3-9(4-2-8)12-6-5-11/h1-4H,6-7H2",N#CCOc1ccc(CBr)cc1,275.5751639192886,False,['1092078-26-6'],1.1579406425
POOL-00034686,"InChI=1S/C12H11NOS/c1-14-11-6-4-10(5-7-11)13-9-12-3-2-8-15-12/h2-9H,1H3",COc1ccc(N=Cc2cccs2)cc1,431.15549589953673,False,['13533-27-2'],1.1590043485
POOL-00028991,InChI=1S/C8H4Br2S2/c9-5-1-3-11-7(5)8-6(10)2-4-12-8/h1-4H,Brc1ccsc1-c1sccc1Br,350.92324805583155,False,['51751-44-1'],1.1594561056
POOL-00029018,"InChI=1S/C10H9NS2/c1-7-2-4-8(5-3-7)9-6-13-10(12)11-9/h2-6H,1H3,(H,11,12)",Cc1ccc(-c2csc(S)n2)cc1,403.1180242616029,False,['2103-92-6'],1.1453719261
POOL-00011986,"InChI=1S/C11H15NS2/c1-2-3-9-14-11(13)12-10-7-5-4-6-8-10/h4-8H,2-3,9H2,1H3,(H,12,13)",CCCCSC(S)=Nc1ccccc1,282.59882253390214,False,['14549-44-1'],1.1456785845
POOL-00031491,InChI=1S/C8H4Br2S2/c9-7-3-1-5(11-7)6-2-4-8(10)12-6/h1-4H,Brc1ccc(-c2ccc(Br)s2)s1,350.92324805583155,False,['4805-22-5'],1.1282249885
POOL-00023657,"InChI=1S/C8H9NS2/c1-11-8(10)9-7-5-3-2-4-6-7/h2-6H,1H3,(H,9,10)",CSC(S)=Nc1ccccc1,243.52878773918383,False,['701-73-5'],1.1556313939
POOL-00021777,"InChI=1S/C12H12S/c1-13-9-10-6-7-11-4-2-3-5-12(11)8-10/h2-8H,9H2,1H3",CSCc1ccc2ccccc2c1,406.5397134822694,False,['13183-61-4'],1.1416372516
POOL-00039781,"InChI=1S/C14H14S2/c1-3-7-13(8-4-1)15-11-12-16-14-9-5-2-6-10-14/h1-10H,11-12H2",c1ccc(SCCSc2ccccc2)cc1,356.0952225964737,False,['622-20-8'],1.1461869525
POOL-00029127,"InChI=1S/C15H16S2/c1-16-14-7-3-12(4-8-14)11-13-5-9-15(17-2)10-6-13/h3-10H,11H2,1-2H3",CSc1ccc(Cc2ccc(SC)cc2)cc1,411.78542249933344,False,['22276-28-4'],1.1651855715
POOL-00017195,"InChI=1S/C14H18F4/c1-13(2,3)7-9(15)11(17)8(14(4,5)6)12(18)10(7)16/h1-6H3",CC(C)(C)c1c(F)c(F)c(C(C)(C)C)c(F)c1F,402.0331881524165,False,['54111-17-0'],1.1431689482
POOL-00015373,"InChI=1S/C13H10FNOS2/c1-2-7-15-12(16)11(18-13(15)17)8-9-3-5-10(14)6-4-9/h2-6,8H,1,7H2",C=CCN1C(=O)C(=Cc2ccc(F)cc2)SC1=S,536.4271552837998,False,['313226-07-2'],1.1564456415
POOL-00018347,InChI=1S/C14H10S2/c1-3-7-13(8-4-1)15-11-12-16-14-9-5-2-6-10-14/h1-10H,C(#CSc1ccccc1)Sc1ccccc1,434.89383298034,False,['85475-95-2'],1.1597137754
POOL-00038439,InChI=1S/C12H8Br2S2/c13-9-5-1-3-7-11(9)15-16-12-8-4-2-6-10(12)14/h1-8H,Brc1ccccc1SSc1ccccc1Br,440.449905948586,False,['71112-91-9'],1.1496233203
,,,,,,
POOL-00040725,"InChI=1S/C17H37N/c1-4-6-8-10-12-14-16-18(3)17-15-13-11-9-7-5-2/h4-17H2,1-3H3",CCCCCCCCN(C)CCCCCCCC,128.5455183272174,False,['4455-26-9'],1.0664880063
POOL-00042321,"InChI=1S/C16H35N/c1-4-5-6-7-8-9-10-11-12-13-14-15-16-17(2)3/h4-16H2,1-3H3",CCCCCCCCCCCCCCN(C)C,131.48686830125578,False,['112-75-4'],1.0661338702
POOL-00039891,"InChI=1S/C18H36O/c1-3-5-6-7-8-9-10-11-12-13-14-15-16-17-18-19-4-2/h4H,2-3,5-18H2,1H3",C=COCCCCCCCCCCCCCCCC,165.07321824032277,False,['822-28-6'],1.1084353945
POOL-00035574,"InChI=1S/C16H34O/c1-3-5-7-8-9-10-11-12-13-15-16(17)14-6-4-2/h16-17H,3-15H2,1-2H3",CCCCCCCCCCCC(O)CCCC,133.48686830125578,False,['21078-87-5'],1.118532914
POOL-00041259,"InChI=1S/C17H37N/c1-3-4-5-6-7-8-9-10-11-12-13-14-15-16-17-18-2/h18H,3-17H2,1-2H3",CCCCCCCCCCCCCCCCNC,117.57178172470586,False,['13417-08-8'],1.1155207349
POOL-00042820,"InChI=1S/C16H34O/c1-3-5-7-9-11-13-15-17-16-14-12-10-8-6-4-2/h3-16H2,1-2H3",CCCCCCCCOCCCCCCCC,108.69358616951132,False,['629-82-3'],1.079407068
POOL-00043191,"InChI=1S/C18H39N/c1-4-5-6-7-8-9-10-11-12-13-14-15-16-17-18-19(2)3/h4-18H2,1-3H3",CCCCCCCCCCCCCCCCN(C)C,153.76927278138976,False,"['112-69-6', '75444-69-8', '68439-70-3', '68037-96-7', '68037-93-4']",1.0794592028
POOL-00041401,"InChI=1S/C16H34O/c1-3-4-5-6-7-8-9-10-11-12-13-14-15-16(2)17/h16-17H,3-15H2,1-2H3",CCCCCCCCCCCCCCC(C)O,131.48686830125578,False,['14852-31-4'],1.1243808027
POOL-00020705,"InChI=1S/C18H37N/c1-2-3-4-5-6-7-8-9-10-11-12-13-16-19-17-14-15-18-19/h2-18H2,1H3",CCCCCCCCCCCCCCN1CCCC1,172.529096524961,False,['74673-29-3'],1.0801995619
POOL-00040283,"InChI=1S/C16H34OS/c1-3-5-7-9-11-13-15-18(17)16-14-12-10-8-6-4-2/h3-16H2,1-2H3",CCCCCCCCS(=O)CCCCCCCC,161.9357738214561,False,['1986-89-6'],1.151455781
POOL-00022964,"InChI=1S/C18H31N/c1-2-3-4-5-6-7-8-9-10-11-12-13-18-14-16-19-17-15-18/h14-17H,2-13H2,1H3",CCCCCCCCCCCCCc1ccncc1,281.0015741595725,False,['1816-01-9'],1.1114165709
POOL-00041471,"InChI=1S/C15H33N/c1-4-5-6-7-8-9-10-11-12-13-14-15-16(2)3/h4-15H2,1-3H3",CCCCCCCCCCCCCN(C)C,120.60335893412775,False,"['17373-29-4', '67700-98-5']",1.0814631352
POOL-00040959,"InChI=1S/C17H35N/c1-2-3-4-5-6-7-8-9-10-12-15-18-16-13-11-14-17-18/h2-17H2,1H3",CCCCCCCCCCCCN1CCCCC1,160.99302723556212,False,['5917-47-5'],1.0788686889
POOL-00037459,"InChI=1S/C18H39N/c1-3-5-7-9-11-12-14-16-18-19-17-15-13-10-8-6-4-2/h19H,3-18H2,1-2H3",CCCCCCCCCCNCCCCCCCC,128.62570933197804,False,"['50602-85-2', '73201-43-1']",1.1132886443
POOL-00021586,"InChI=1S/C18H37N/c1-2-3-4-5-6-7-8-9-10-13-16-19-17-14-11-12-15-18-19/h2-18H2,1H3",CCCCCCCCCCCCN1CCCCCC1,170.529096524961,False,['20422-09-7'],1.0676894918
POOL-00043701,"InChI=1S/C18H36O/c1-2-3-4-5-6-7-8-9-10-11-12-13-14-15-16-18-17-19-18/h18H,2-17H2,1H3",CCCCCCCCCCCCCCCCC1CO1,174.52909652496098,False,['7390-81-0'],1.1160356694
POOL-00035891,"InChI=1S/C16H34O/c1-3-5-7-9-10-12-14-16(15-17)13-11-8-6-4-2/h16-17H,3-15H2,1-2H3",CCCCCCCCC(CO)CCCCCC,133.48686830125578,False,['2425-77-6'],1.1363943741
POOL-00016767,"InChI=1S/C16H34S/c1-3-5-7-8-9-10-11-12-13-14-16-17-15-6-4-2/h3-16H2,1-2H3",CCCCCCCCCCCCSCCCC,108.69358616951132,False,['16900-08-6'],1.0849051082
POOL-00041672,"InChI=1S/C16H34O/c1-2-3-4-5-6-7-8-9-10-11-12-13-14-15-16-17/h17H,2-16H2,1H3",CCCCCCCCCCCCCCCCO,108.69358616951132,False,"['36653-82-4', '67762-30-5', '124-29-8']",1.1309462622
POOL-00040442,"InChI=1S/C16H34S/c1-3-5-7-9-11-13-15-17-16-14-12-10-8-6-4-2/h3-16H2,1-2H3",CCCCCCCCSCCCCCCCC,108.69358616951132,False,['2690-08-6'],1.084551769
POOL-00038423,"InChI=1S/C19H33N/c1-2-3-4-5-6-7-8-9-10-14-17-20-18-19-15-12-11-13-16-19/h11-13,15-16,20H,2-10,14,17-18H2,1H3",CCCCCCCCCCCCNCc1ccccc1,293.8943761040945,False,['1687-68-9'],1.1008872945
POOL-00043365,"InChI=1S/C16H34S/c1-2-3-4-5-6-7-8-9-10-11-12-13-14-15-16-17/h17H,2-16H2,1H3",CCCCCCCCCCCCCCCCS,108.69358616951132,False,"['2917-26-2', '22208-70-4']",1.0944101194
POOL-00043697,"InChI=1S/C16H32O/c1-2-3-4-5-6-7-8-9-10-11-12-13-14-16-15-17-16/h16H,2-15H2,1H3",CCCCCCCCCCCCCCC1CO1,151.60416835317903,False,['7320-37-8'],1.1107592375
POOL-00040213,"InChI=1S/C15H32O/c1-3-5-7-9-11-13-15(16)14-12-10-8-6-4-2/h15-16H,3-14H2,1-2H3",CCCCCCCC(O)CCCCCCC,108.60335893412775,False,['1653-35-6'],1.1576016834
POOL-00001485,"InChI=1S/C18H36S/c1-2-3-4-5-6-7-8-9-10-11-12-13-14-15-16-17-18-19/h9-10,19H,2-8,11-18H2,1H3",CCCCCCCCC=CCCCCCCCCS,174.52909652496098,False,['31494-22-1'],1.1079036385
POOL-00042225,"InChI=1S/C16H35N/c1-5-9-11-15(7-3)13-17-14-16(8-4)12-10-6-2/h15-17H,5-14H2,1-4H3",CCCCC(CC)CNCC(CC)CCCC,128.46060490376732,False,"['106-20-7', '27214-52-4']",1.0712229507
POOL-00013259,"InChI=1S/C18H32O/c1-2-3-4-5-6-7-8-9-10-11-12-13-14-15-16-17-18-19/h6-7,9-10,12-13,19H,2-5,8,11,14-18H2,1H3",CCCCCC=CCC=CCC=CCCCCCO,238.07483807280337,False,['56630-94-5'],1.1535720798
POOL-00031438,"InChI=1S/C19H32O/c1-3-4-5-6-7-8-9-10-11-12-13-18-16-17(2)14-15-19(18)20/h14-16,20H,3-13H2,1-2H3",CCCCCCCCCCCCc1cc(C)ccc1O,356.78392406938985,False,['25912-91-8'],1.155450655
POOL-00035680,"InChI=1S/C15H32S/c1-2-3-4-5-6-7-8-9-10-11-12-13-14-15-16/h16H,2-15H2,1H3",CCCCCCCCCCCCCCCS,98.00257888348511,False,['25276-70-4'],1.1070939197
POOL-00042819,"InChI=1S/C15H32O/c1-2-3-4-5-6-7-8-9-10-11-12-13-14-15-16/h16H,2-15H2,1H3",CCCCCCCCCCCCCCCO,98.00257888348511,False,"['629-76-5', '67762-25-8', '31389-11-4']",1.1291546596
POOL-00037558,"InChI=1S/C18H37NO/c1-2-3-4-5-6-7-8-9-10-13-17-20-18-16-19-14-11-12-15-19/h2-18H2,1H3",CCCCCCCCCCCCOCCN1CCCC1,189.8572436284936,False,['37439-37-5'],1.0958596035
POOL-00036207,"InChI=1S/C19H40O/c1-3-4-5-6-7-8-9-10-11-12-13-14-15-16-17-18-19(2)20/h19-20H,3-18H2,1-2H3",CCCCCCCCCCCCCCCCCC(C)O,165.14918465317535,False,['26533-36-8'],1.1354644196
POOL-00033668,"InChI=1S/C16H34S/c1-5-9-11-15(7-3)13-17-14-16(8-4)12-10-6-2/h15-16H,5-14H2,1-4H3",CCCCC(CC)CSCC(CC)CCCC,128.46060490376732,False,['16679-04-2'],1.0863457269
POOL-00009861,"InChI=1S/C15H29NS/c1-2-3-4-5-6-7-8-9-10-11-14-17-15-12-13-16/h2-12,14-15H2,1H3",CCCCCCCCCCCCSCCC#N,174.25085815829556,False,['22279-32-9'],1.153239785
POOL-00039401,"InChI=1S/C18H30O/c1-2-3-4-5-6-7-8-9-10-11-12-17-13-15-18(19)16-14-17/h13-16,19H,2-12H2,1H3",CCCCCCCCCCCCc1ccc(O)cc1,301.9712511797487,False,['104-43-8'],1.1594678664
POOL-00017771,"InChI=1S/C20H34O/c1-7-20(6,21)16-10-15-19(5)14-9-13-18(4)12-8-11-17(2)3/h7,11,13,15,21H,1,8-10,12,14,16H2,2-6H3",C=CC(C)(O)CCC=C(C)CCC=C(C)CCC=C(C)C,390.0614770518621,False,['68931-30-6'],1.1402013941
POOL-00020945,"InChI=1S/C15H32OS/c1-2-3-4-5-6-7-8-9-10-11-14-17-15-12-13-16/h16H,2-15H2,1H3",CCCCCCCCCCCCSCCCO,114.09022723538354,False,['24698-37-1'],1.1652734396
POOL-00024241,"InChI=1S/C20H41N/c1-2-3-4-5-6-7-8-9-10-11-12-15-18-21-19-16-13-14-17-20-21/h2-20H2,1H3",CCCCCCCCCCCCCCN1CCCCCC1,194.01509520064772,False,['89632-36-0'],1.0542565693
POOL-00036770,"InChI=1S/C20H38O/c1-7-20(6,21)16-10-15-19(5)14-9-13-18(4)12-8-11-17(2)3/h1,17-19,21H,8-16H2,2-6H3",C#CC(C)(O)CCCC(C)CCCC(C)CCCC(C)C,284.70376471279087,False,['29171-23-1'],1.136216491
POOL-00039796,"InChI=1S/C14H30S/c1-3-5-7-9-11-13-15-14-12-10-8-6-4-2/h3-14H2,1-2H3",CCCCCCCSCCCCCCC,89.51182269698973,False,['629-65-2'],1.1010329971
POOL-00040142,"InChI=1S/C16H33NO/c1-2-3-4-5-6-7-8-9-10-11-12-17-13-15-18-16-14-17/h2-16H2,1H3",CCCCCCCCCCCCN1CCOCC1,166.47989553681788,False,['1541-81-7'],1.1265744681
POOL-00009460,"InChI=1S/C16H27BrS/c1-2-3-4-5-6-7-8-9-10-11-12-15-13-14-16(17)18-15/h13-14H,2-12H2,1H3",CCCCCCCCCCCCc1ccc(Br)s1,293.0419965744118,False,['153561-74-1'],1.110225707
POOL-00040393,"InChI=1S/C19H41N/c1-3-4-5-6-7-8-9-10-11-12-13-14-15-16-17-18-19-20-2/h20H,3-19H2,1-2H3",CCCCCCCCCCCCCCCCCCNC,137.84523919424234,False,['2439-55-6'],1.0942253093
POOL-00025010,"InChI=1S/C16H28S/c1-2-3-4-5-6-7-8-9-10-11-12-16-13-14-17-15-16/h13-15H,2-12H2,1H3",CCCCCCCCCCCCc1ccsc1,238.0376742041272,False,"['104934-52-3', '104934-53-4']",1.1375254175
POOL-00030231,"InChI=1S/C18H38S/c1-3-5-7-9-11-13-15-17-19-18-16-14-12-10-8-6-4-2/h3-18H2,1-2H3",CCCCCCCCCSCCCCCCCCC,128.62570933197804,False,['929-98-6'],1.0857963102
POOL-00042576,"InChI=1S/C20H40O/c1-7-20(6,21)16-10-15-19(5)14-9-13-18(4)12-8-11-17(2)3/h7,17-19,21H,1,8-16H2,2-6H3",C=CC(C)(O)CCCC(C)CCCC(C)CCCC(C)C,254.5640290974341,False,['505-32-8'],1.1193891628
POOL-00031079,"InChI=1S/C17H37N/c1-6-10-12-16(8-3)14-18(5)15-17(9-4)13-11-7-2/h16-17H,6-15H2,1-5H3",CCCCC(CC)CN(C)CC(CC)CCCC,148.9930272355621,False,['39168-98-4'],1.1082718953
POOL-00038807,"InChI=1S/C19H39NO/c1-4-5-6-7-8-9-10-11-12-13-14-15-20-16-18(2)21-19(3)17-20/h18-19H,4-17H2,1-3H3",CCCCCCCCCCCCCN1CC(C)OC(C)C1,221.60624315754137,False,"['24602-86-6', '81412-43-3']",1.0730797432
POOL-00001498,"InChI=1S/C13H25BrOS/c1-13(15)16-12-10-8-6-4-2-3-5-7-9-11-14/h2-12H2,1H3",CC(=O)SCCCCCCCCCCCBr,162.01158371608906,False,['947150-46-1'],1.1470995993
POOL-00039350,"InChI=1S/C14H30S/c1-2-3-4-5-6-7-8-9-10-11-12-13-14-15/h15H,2-14H2,1H3",CCCCCCCCCCCCCCS,89.51182269698973,False,['2079-95-0'],1.1271863511
POOL-00017412,"InChI=1S/C20H34O/c1-17(2)9-6-10-18(3)11-7-12-19(4)13-8-14-20(5)15-16-21/h9,11,13,15,21H,6-8,10,12,14,16H2,1-5H3",CC(C)=CCCC(C)=CCCC(C)=CCCC(C)=CCO,390.0614770518621,False,['107852-51-7'],1.1649644177
POOL-00042777,"InChI=1S/C15H33N/c1-4-7-10-13-16(14-11-8-5-2)15-12-9-6-3/h4-15H2,1-3H3",CCCCCN(CCCCC)CCCCC,98.82892142331043,False,"['621-77-2', '214290-37-6']",1.1061521458
POOL-00023615,"InChI=1S/C20H42O/c1-7-20(6,21)16-10-15-19(5)14-9-13-18(4)12-8-11-17(2)3/h17-19,21H,7-16H2,1-6H3",CCC(C)(O)CCCC(C)CCCC(C)CCCC(C)C,231.9929134693429,False,['85761-30-4'],1.1101115351
POOL-00043063,"InChI=1S/C17H38N2/c1-5-6-7-8-9-10-11-12-13-14-15-19(4)17-16-18(2)3/h5-17H2,1-4H3",CCCCCCCCCCCCN(C)CCN(C)C,168.6449999650286,False,"['94823-32-2', '1339-72-6']",1.0977652977
POOL-00013790,"InChI=1S/C16H32N2/c1-3-5-7-9-11-13-15-17-18-16-14-12-10-8-6-4-2/h15-16H,3-14H2,1-2H3",CCCCCCCC=NN=CCCCCCCC,175.2736412460027,False,['59618-85-8'],1.1542538852
POOL-00017786,"InChI=1S/C20H40O/c1-17(2)9-6-10-18(3)11-7-12-19(4)13-8-14-20(5)15-16-21/h15,17-19,21H,6-14,16H2,1-5H3",CC(=CCO)CCCC(C)CCCC(C)CCCC(C)C,254.5640290974341,False,['123164-54-5'],1.1579144803
POOL-00039395,"InChI=1S/C18H39N/c1-4-7-10-13-16-19(17-14-11-8-5-2)18-15-12-9-6-3/h4-18H2,1-3H3",CCCCCCN(CCCCCC)CCCCCC,127.23994776840894,False,"['102-86-3', '68038-01-7']",1.0564627077
POOL-00009606,"InChI=1S/C16H28S/c1-3-5-7-9-11-15-13-17-14-16(15)12-10-8-6-4-2/h13-14H,3-12H2,1-2H3",CCCCCCc1cscc1CCCCCC,248.30747526796253,False,['122107-04-4'],1.1495490705
POOL-00009787,"InChI=1S/C16H37NP2/c1-13(2)18(14(3)4)11-9-17-10-12-19(15(5)6)16(7)8/h13-17H,9-12H2,1-8H3",CC(C)P(CCNCCP(C(C)C)C(C)C)C(C)C,176.79447273405071,False,['131890-26-1'],1.0805869578
POOL-00035515,"InChI=1S/C17H38N2/c1-5-9-13-18(14-10-6-2)17-19(15-11-7-3)16-12-8-4/h5-17H2,1-4H3",CCCCN(CCCC)CN(CCCC)CCCC,136.6449999650286,False,['20280-10-8'],1.080661107
POOL-00017268,"InChI=1S/C18H40N2/c1-5-9-13-19(14-10-6-2)17-18-20(15-11-7-3)16-12-8-4/h5-18H2,1-4H3",CCCCN(CCCC)CCN(CCCC)CCCC,146.25703566728012,False,['10411-57-1'],1.0624243747
POOL-00016974,"InChI=1S/C19H38S2/c1-2-3-4-5-6-7-8-9-10-11-12-13-14-16-19-20-17-15-18-21-19/h19H,2-18H2,1H3",CCCCCCCCCCCCCCCC1SCCCS1,199.7430343429669,False,['59014-51-6'],1.0887349661
POOL-00037521,"InChI=1S/C16H35PS2/c1-13(9-15(3,4)5)11-17(18,19)12-14(2)10-16(6,7)8/h13-14H,9-12H2,1-8H3,(H,18,19)",CC(CC(C)(C)C)CP(=S)(S)CC(C)CC(C)(C)C,281.69107274677424,False,['107667-02-7'],1.0978889815
POOL-00013703,"InChI=1S/C20H30S2/c1-3-5-7-9-11-17-13-15-19(21-17)20-16-14-18(22-20)12-10-8-6-4-2/h13-16H,3-12H2,1-2H3",CCCCCCc1ccc(-c2ccc(CCCCCC)s2)s1,473.0545658898328,False,['211737-46-1'],1.0845604591
,,,,,,
POOL-00010458,"InChI=1S/C13H19N/c1-11-4-2-5-12(8-11)9-13-6-3-7-14-10-13/h2,4-5,8,13-14H,3,6-7,9-10H2,1H3",Cc1cccc(CC2CCCNC2)c1,287.0419665009148,False,['955287-64-6'],1.1508871052
POOL-00026774,"InChI=1S/C12H17N/c1-10(12-7-8-12)13-9-11-5-3-2-4-6-11/h2-6,10,12-13H,7-9H2,1H3",CC(NCc1ccccc1)C1CC1,251.08680360822464,False,"['133612-01-8', '163667-52-5', '1252180-29-2']",1.1432571261
POOL-00012515,"InChI=1S/C12H17N/c1-10-3-2-4-12(9-10)11-5-7-13-8-6-11/h2-4,9,11,13H,5-8H2,1H3",Cc1cccc(C2CCNCC2)c1,274.2078950935822,False,['111153-83-4'],1.147146235
POOL-00012645,"InChI=1S/C12H17N/c1-10-4-2-5-11(8-10)12-6-3-7-13-9-12/h2,4-5,8,12-13H,3,6-7,9H2,1H3",Cc1cccc(C2CCCNC2)c1,274.2078950935822,False,['343856-70-2'],1.1563644234
POOL-00019858,"InChI=1S/C13H19N/c1-11-5-4-6-12(9-11)10-13-7-2-3-8-14-13/h4-6,9,13-14H,2-3,7-8,10H2,1H3",Cc1cccc(CC2CCCCN2)c1,287.0419665009148,False,['383128-55-0'],1.1503590485
POOL-00016890,"InChI=1S/C13H19N/c1-11-4-6-12(7-5-11)9-13-3-2-8-14-10-13/h4-7,13-14H,2-3,8-10H2,1H3",Cc1ccc(CC2CCCNC2)cc1,269.7919665009148,False,['136421-81-3'],1.1373016333
POOL-00019946,"InChI=1S/C13H19N/c1-11-5-7-12(8-6-11)10-13-4-2-3-9-14-13/h5-8,13-14H,2-4,9-10H2,1H3",Cc1ccc(CC2CCCCN2)cc1,269.7919665009148,False,['63587-56-4'],1.1388682618
POOL-00030429,"InChI=1S/C12H17N/c1-10-2-4-11(5-3-10)12-6-8-13-9-7-12/h2-5,12-13H,6-9H2,1H3",Cc1ccc(C2CCNCC2)cc1,256.95789509358224,False,['59083-39-5'],1.1519939078
POOL-00027060,"InChI=1S/C12H17N/c1-2-6-11(7-3-1)10-12-8-4-5-9-13-12/h1-3,6-7,12-13H,4-5,8-10H2",c1ccc(CC2CCCCN2)cc1,236.56120626135396,False,['32838-55-4'],1.1331622197
POOL-00036682,"InChI=1S/C12H17N/c1-2-5-11(6-3-1)9-12-7-4-8-13-10-12/h1-3,5-6,12-13H,4,7-10H2",c1ccc(CC2CCCNC2)cc1,236.56120626135396,False,['13603-25-3'],1.1269837369
POOL-00023001,"InChI=1S/C12H17N/c1-2-4-11(5-3-1)6-7-12-8-9-13-10-12/h1-5,12-13H,6-10H2",c1ccc(CCC2CCNC2)cc1,236.56120626135396,False,['613676-70-3'],1.144359749
POOL-00017140,"InChI=1S/C13H19N/c1-2-6-12(7-3-1)9-10-13-8-4-5-11-14-13/h1-3,6-7,13-14H,4-5,8-11H2",c1ccc(CCC2CCCCN2)cc1,249.19788985401652,False,['159053-39-1'],1.1418657969
POOL-00022484,"InChI=1S/C12H17N/c1-10-4-2-5-11(8-10)9-12-6-3-7-13-12/h2,4-5,8,12-13H,3,6-7,9H2,1H3",Cc1cccc(CC2CCCN2)c1,274.2078950935822,False,['383127-61-5'],1.156571849
POOL-00011482,"InChI=1S/C12H17N/c1-10-4-2-3-5-12(10)11-6-8-13-9-7-11/h2-5,11,13H,6-9H2,1H3",Cc1ccccc1C1CCNCC1,274.2078950935822,False,['630116-52-8'],1.1214326229
POOL-00011012,"InChI=1S/C12H17N/c1-10-5-2-3-7-12(10)11-6-4-8-13-9-11/h2-3,5,7,11,13H,4,6,8-9H2,1H3",Cc1ccccc1C1CCCNC1,274.2078950935822,False,['661470-63-9'],1.1186925582
POOL-00016210,"InChI=1S/C13H19N/c1-2-6-12(7-3-1)10-11-14-13-8-4-5-9-13/h1-3,6-7,13-14H,4-5,8-11H2",c1ccc(CCNC2CCCC2)cc1,249.19788985401652,False,['160567-89-5'],1.128550763
POOL-00016115,"InChI=1S/C12H17N/c1-9-5-6-10(2)11(8-9)12-4-3-7-13-12/h5-6,8,12-13H,3-4,7H2,1-2H3",Cc1ccc(C)c(C2CCCN2)c1,297.9928282846287,False,['367280-98-6'],1.1580681102
POOL-00021620,"InChI=1S/C13H19N/c1-11-2-4-12(5-3-11)10-13-6-8-14-9-7-13/h2-5,13-14H,6-10H2,1H3",Cc1ccc(CC2CCNCC2)cc1,269.7919665009148,False,['92822-01-0'],1.1541234101
POOL-00022868,"InChI=1S/C12H17N/c1-2-5-11(6-3-1)8-9-12-7-4-10-13-12/h1-3,5-6,12-13H,4,7-10H2",c1ccc(CCC2CCCN2)cc1,236.56120626135396,False,['106366-30-7'],1.1642364731
POOL-00038781,"InChI=1S/C12H17N/c1-2-4-11(5-3-1)10-12-6-8-13-9-7-12/h1-5,12-13H,6-10H2",c1ccc(CC2CCNCC2)cc1,236.56120626135396,False,['31252-42-3'],1.1460298809
POOL-00010363,"InChI=1S/C11H15N/c1-9-3-2-4-10(7-9)8-12-11-5-6-11/h2-4,7,11-12H,5-6,8H2,1H3",Cc1cccc(CNC2CC2)c1,263.46155198252444,False,['625437-44-7'],1.1518458602
POOL-00010459,"InChI=1S/C13H19N/c1-11-5-2-3-7-13(11)9-12-6-4-8-14-10-12/h2-3,5,7,12,14H,4,6,8-10H2,1H3",Cc1ccccc1CC1CCCNC1,287.0419665009148,False,['955314-92-8'],1.165001393
POOL-00018696,"InChI=1S/C12H17N/c1-3-7-11(8-4-1)12-9-5-2-6-10-13-12/h1,3-4,7-8,12-13H,2,5-6,9-10H2",c1ccc(C2CCCCCN2)cc1,234.561206261354,False,['3466-82-8'],1.1463651228
POOL-00035482,"InChI=1S/C12H17N/c1-2-5-11(6-3-1)12-7-4-9-13-10-8-12/h1-3,5-6,12-13H,4,7-10H2",c1ccc(C2CCCNCC2)cc1,234.561206261354,False,"['73252-01-4', '898528-59-1']",1.1622091509
POOL-00016424,"InChI=1S/C11H14FN/c12-11-6-2-1-4-9(11)8-10-5-3-7-13-10/h1-2,4,6,10,13H,3,5,7-8H2",Fc1ccccc1CC1CCCN1,279.17369729722583,False,['383127-84-2'],1.1553582502
POOL-00006283,"InChI=1S/C13H19N/c1-12(2)9-13(12,10-14-3)11-7-5-4-6-8-11/h4-8,14H,9-10H2,1-3H3",CNCC1(c2ccccc2)CC1(C)C,315.2672647256461,False,['884091-04-7'],1.1579939859
POOL-00035352,"InChI=1S/C12H15N/c1-10-2-4-11(5-3-10)12-6-8-13-9-7-12/h2-6,13H,7-9H2,1H3",Cc1ccc(C2=CCNCC2)cc1,308.4012909776907,False,"['59084-09-2', '71965-06-5']",1.1557677462
POOL-00010715,"InChI=1S/C14H21N/c1-2-12-3-5-13(6-4-12)11-14-7-9-15-10-8-14/h3-6,14-15H,2,7-11H2,1H3",CCc1ccc(CC2CCNCC2)cc1,282.7119394849331,False,['781595-51-5'],1.1355497108
POOL-00025588,"InChI=1S/C11H14BrN/c12-11-3-1-9(2-4-11)10-5-7-13-8-6-10/h1-4,10,13H,5-8H2",Brc1ccc(C2CCNCC2)cc1,261.92369729722583,False,['80980-89-8'],1.1135933267
POOL-00035320,"InChI=1S/C11H17N/c1-3-10(2)12-9-11-7-5-4-6-8-11/h4-8,10,12H,3,9H2,1-2H3",CCC(C)NCc1ccccc1,205.50391424932707,False,['46120-25-6'],1.1385407093
POOL-00010658,"InChI=1S/C12H16FN/c13-12-3-1-2-11(9-12)8-10-4-6-14-7-5-10/h1-3,9-10,14H,4-8H2",Fc1cccc(CC2CCNCC2)c1,292.1281328280951,False,['202126-85-0'],1.1388079391
POOL-00010461,"InChI=1S/C12H16FN/c13-12-5-1-3-10(8-12)7-11-4-2-6-14-9-11/h1,3,5,8,11,14H,2,4,6-7,9H2",Fc1cccc(CC2CCCNC2)c1,292.1281328280951,False,['795261-46-0'],1.143697055
POOL-00039874,"InChI=1S/C11H15N/c1-2-4-10(5-3-1)11-6-8-12-9-7-11/h1-5,11-12H,6-9H2",c1ccc(C2CCNCC2)cc1,224.01924532784767,False,['771-99-3'],1.1658369514
POOL-00019581,"InChI=1S/C14H21N/c1-2-7-13(8-3-1)9-6-11-14-10-4-5-12-15-14/h1-3,7-8,14-15H,4-6,9-12H2",c1ccc(CCCC2CCCCN2)cc1,261.9270062938867,False,['383128-48-1'],1.1462853063
POOL-00042524,"InChI=1S/C11H17N/c1-3-12-10(2)9-11-7-5-4-6-8-11/h4-8,10,12H,3,9H2,1-2H3",CCNC(C)Cc1ccccc1,205.50391424932707,False,['457-87-4'],1.1375412351
POOL-00037854,"InChI=1S/C11H17N/c1-10(2)8-12-9-11-6-4-3-5-7-11/h3-7,10,12H,8-9H2,1-2H3",CC(C)CNCc1ccccc1,203.50391424932707,False,['42882-36-0'],1.1370378212
POOL-00010516,"InChI=1S/C11H17N/c1-9(2)12-8-11-7-5-4-6-10(11)3/h4-7,9,12H,8H2,1-3H3",Cc1ccccc1CNC(C)C,240.5143578256842,False,['91338-98-6'],1.149008668
POOL-00010460,"InChI=1S/C14H21N/c1-2-12-5-7-13(8-6-12)10-14-4-3-9-15-11-14/h5-8,14-15H,2-4,9-11H2,1H3",CCc1ccc(CC2CCCNC2)cc1,282.7119394849331,False,['955287-70-4'],1.1538735012
POOL-00036495,"InChI=1S/C12H19N/c1-3-9-13-11(2)10-12-7-5-4-6-8-12/h4-8,11,13H,3,9-10H2,1-2H3",CCCNC(C)Cc1ccccc1,217.8259028288588,False,['51799-32-7'],1.1514420645
POOL-00043582,"InChI=1S/C12H19N/c1-3-4-10-13-11(2)12-8-6-5-7-9-12/h5-9,11,13H,3-4,10H2,1-2H3",CCCCNC(C)c1ccccc1,217.8259028288588,False,['5412-64-6'],1.1475436774
POOL-00011268,"InChI=1S/C14H21N/c1-11-3-4-14(9-12(11)2)10-13-5-7-15-8-6-13/h3-4,9,13,15H,5-8,10H2,1-2H3",Cc1ccc(CC2CCNCC2)cc1C,324.1106271736681,False,['782504-68-1'],1.1627361482
POOL-00024719,"InChI=1S/C11H17N/c1-9(2)11-6-4-10(5-7-11)8-12-3/h4-7,9,12H,8H2,1-3H3",CNCc1ccc(C(C)C)cc1,223.2643578256842,False,['73441-51-7'],1.1514289538
POOL-00018846,"InChI=1S/C12H19N/c1-3-11(2)13-10-9-12-7-5-4-6-8-12/h4-8,11,13H,3,9-10H2,1-2H3",CCC(C)NCCc1ccccc1,217.8259028288588,False,['24068-20-0'],1.1394055701
POOL-00041507,"InChI=1S/C14H21N/c1-2-5-13(6-3-1)7-4-8-14-9-11-15-12-10-14/h1-3,5-6,14-15H,4,7-12H2",c1ccc(CCCC2CCNCC2)cc1,261.9270062938867,False,['18495-82-4'],1.1417928744
POOL-00012813,"InChI=1S/C11H17N/c1-2-12-10-6-9-11-7-4-3-5-8-11/h3-5,7-8,12H,2,6,9-10H2,1H3",CCNCCCc1ccccc1,193.4189029511064,False,['13125-62-7'],1.1290192023
POOL-00023899,"InChI=1S/C11H17N/c1-2-9-12-10-8-11-6-4-3-5-7-11/h3-7,12H,2,8-10H2,1H3",CCCNCCc1ccccc1,193.4189029511064,False,['27906-91-8'],1.1206502704
POOL-00035288,"InChI=1S/C11H17N/c1-12-10-6-5-9-11-7-3-2-4-8-11/h2-4,7-8,12H,5-6,9-10H2,1H3",CNCCCCc1ccccc1,193.4189029511064,False,['4265-99-0'],1.1369745206
POOL-00036300,"InChI=1S/C12H23N/c1-2-4-11(5-3-1)10-12-6-8-13-9-7-12/h11-13H,1-10H2",C1CCC(CC2CCNCC2)CC1,116.05990292969187,False,['78197-28-1'],1.1322277515
POOL-00040479,"InChI=1S/C12H17N/c1-3-7-12(8-4-1)11-13-9-5-2-6-10-13/h1,3-4,7-8H,2,5-6,9-11H2",c1ccc(CN2CCCCC2)cc1,236.56120626135396,False,['2905-56-8'],1.1553460902
POOL-00042145,"InChI=1S/C12H23N/c1-3-7-11(8-4-1)13-12-9-5-2-6-10-12/h11-13H,1-10H2",C1CCC(NC2CCCCC2)CC1,116.05990292969187,False,['101-83-7'],1.1280392303
POOL-00038539,"InChI=1S/C10H15N/c1-3-11-9(2)10-7-5-4-6-8-10/h4-9,11H,3H2,1-2H3",CCNC(C)c1ccccc1,193.2875676035994,False,['10137-87-8'],1.136321221
POOL-00034228,"InChI=1S/C10H15N/c1-3-10(11-2)9-7-5-4-6-8-9/h4-8,10-11H,3H2,1-2H3",CCC(NC)c1ccccc1,189.2875676035994,False,['7713-71-5'],1.1404223307
POOL-00039396,"InChI=1S/C10H15N/c1-9(2)11-8-10-6-4-3-5-7-10/h3-7,9,11H,8H2,1-2H3",CC(C)NCc1ccccc1,191.28756760359943,False,['102-97-6'],1.1427144938
POOL-00009375,"InChI=1S/C13H21N/c1-4-13(5-2)14-11(3)12-9-7-6-8-10-12/h6-11,13-14H,4-5H2,1-3H3",CCC(CC)NC(C)c1ccccc1,238.67229250714587,False,['958851-95-1'],1.1446738956
POOL-00010821,"InChI=1S/C10H19N/c1-9(2)8-11-10-6-4-3-5-7-10/h10-11H,1,3-8H2,2H3",C=C(C)CNC1CCCCC1,122.83446685613664,False,['55611-45-5'],1.1382922265
POOL-00025026,"InChI=1S/C11H15N/c1-3-9-12-10(2)11-7-5-4-6-8-11/h3-8,10,12H,1,9H2,2H3",C=CCNC(C)c1ccccc1,228.01924532784767,False,['66896-61-5'],1.1474118745
POOL-00040288,"InChI=1S/C10H15N/c1-2-8-11-9-10-6-4-3-5-7-10/h3-7,11H,2,8-9H2,1H3",CCCNCc1ccccc1,181.32408233692004,False,['2032-33-9'],1.1414389157
POOL-00012120,"InChI=1S/C12H17N/c1-12(8-9-13(2)10-12)11-6-4-3-5-7-11/h3-7H,8-10H2,1-2H3",CN1CCC(C)(c2ccccc2)C1,280.4357677572863,False,['64097-69-4'],1.1425255497
POOL-00023072,"InChI=1S/C11H21N/c1-2-5-10(6-3-1)11-7-4-8-12-9-11/h10-12H,1-9H2",C1CCC(C2CCCNC2)CC1,104.9658022036436,False,['19734-66-8'],1.1392888365
POOL-00029830,"InChI=1S/C10H15NO/c1-2-5-9(4-1)11-8-10-6-3-7-12-10/h3,6-7,9,11H,1-2,4-5,8H2",c1coc(CNC2CCCC2)c1,211.7522680842798,False,['58924-64-4'],1.1401259562
POOL-00035419,"InChI=1S/C11H21N/c1-2-4-10(5-3-1)11-6-8-12-9-7-11/h10-12H,1-9H2",C1CCC(C2CCNCC2)CC1,104.9658022036436,False,['14446-73-2'],1.1601066209
POOL-00027405,"InChI=1S/C10H19N/c1-2-4-10(5-3-1)11-8-9-6-7-9/h9-11H,1-8H2",C1CCC(NCC2CC2)CC1,112.0411847243922,False,['99175-40-3'],1.1309812222
POOL-00012488,"InChI=1S/C11H14BrN/c12-11-5-3-10(4-6-11)9-13-7-1-2-8-13/h3-6H,1-2,7-9H2",Brc1ccc(CN2CCCC2)cc1,261.92369729722583,False,['4897-55-6'],1.1158291612
POOL-00012851,"InChI=1S/C15H23N/c1-15(2,3)14-6-4-12(5-7-14)13-8-10-16-11-9-13/h4-7,13,16H,8-11H2,1-3H3",CC(C)(C)c1ccc(C2CCNCC2)cc1,325.44773849077944,False,['112937-97-0'],1.1452769078
POOL-00029697,"InChI=1S/C10H15NS/c1-2-5-9(4-1)11-8-10-6-3-7-12-10/h3,6-7,9,11H,1-2,4-5,8H2",c1csc(CNC2CCCC2)c1,211.7522680842798,False,['58924-50-8'],1.1050916155
POOL-00035312,"InChI=1S/C14H15N/c1-15-14(12-8-4-2-5-9-12)13-10-6-3-7-11-13/h2-11,14-15H,1H3",CNC(c1ccccc1)c1ccccc1,354.6985815306016,False,['14683-47-7'],1.1504714544
POOL-00036822,"InChI=1S/C11H15N/c1-2-6-11(7-3-1)10-12-8-4-5-9-12/h1-3,6-7H,4-5,8-10H2",c1ccc(CN2CCCC2)cc1,224.01924532784767,False,['29897-82-3'],1.1550177786
POOL-00018560,"InChI=1S/C10H15NS/c1-2-5-9(11-7-3-1)10-6-4-8-12-10/h4,6,8-9,11H,1-3,5,7H2",c1csc(C2CCCCCN2)c1,209.7522680842798,False,['383128-98-1'],1.1541004715
POOL-00042182,"InChI=1S/C14H15N/c1-3-7-13(8-4-1)11-15-12-14-9-5-2-6-10-14/h1-10,15H,11-12H2",c1ccc(CNCc2ccccc2)cc1,341.0981589624613,False,['103-49-1'],1.1501724581
POOL-00026103,"InChI=1S/C10H13NS/c1-8-2-4-9(5-3-8)10-11-6-7-12-10/h2-5,10-11H,6-7H2,1H3",Cc1ccc(C2NCCS2)cc1,249.04601883866107,False,['67086-82-2'],1.1644322191
POOL-00018504,"InChI=1S/C10H21N/c1-2-3-7-10-8-5-4-6-9-11-10/h10-11H,2-9H2,1H3",CCCCC1CCCCCN1,82.8735668734444,False,['84039-87-2'],1.1287268204
POOL-00010194,"InChI=1S/C12H16BrN/c13-12-7-3-2-6-11(12)10-14-8-4-1-5-9-14/h2-3,6-7H,1,4-5,8-10H2",Brc1ccccc1CN1CCCCC1,292.1281328280951,False,['1459-22-9'],1.1212721171
POOL-00037574,"InChI=1S/C12H19N/c1-12(2,13(3)4)10-11-8-6-5-7-9-11/h5-9H,10H2,1-4H3",CN(C)C(C)(C)Cc1ccccc1,249.08680360822464,False,['40952-46-3'],1.1646005579
POOL-00006793,"InChI=1S/C11H23N/c1-2-3-4-5-6-11-7-9-12-10-8-11/h11-12H,2-10H2,1H3",CCCCCCC1CCNCC1,95.177234875312,False,['61515-82-0'],1.113483234
POOL-00036788,"InChI=1S/C10H13NS/c1-10(11-7-8-12-10)9-5-3-2-4-6-9/h2-6,11H,7-8H2,1H3",CC1(c2ccccc2)NCCS1,251.80090634082453,False,['770-86-5'],1.1573381836
POOL-00037743,"InChI=1S/C14H17N/c1-3-8-14(9-4-1)10-7-13-15-11-5-2-6-12-15/h1,3-4,8-9H,2,5-6,11-13H2",C(#Cc1ccccc1)CN1CCCCC1,338.5966042160464,False,['2568-57-2'],1.1388135396
POOL-00019929,"InChI=1S/C10H21N/c1-9(2)8-10-6-4-3-5-7-11-10/h9-11H,3-8H2,1-2H3",CC(C)CC1CCCCCN1,91.04589952780503,False,['80053-55-0'],1.1303529188
POOL-00039201,"InChI=1S/C11H17N/c1-3-12(4-2)10-11-8-6-5-7-9-11/h5-9H,3-4,10H2,1-2H3",CCN(CC)Cc1ccccc1,201.503914249327,False,['772-54-3'],1.1514701013
POOL-00034209,"InChI=1S/C10H21N/c1-8(2)10-5-4-9(3)6-7-11-10/h8-11H,4-7H2,1-3H3",CC1CCNC(C(C)C)CC1,109.44040467374955,False,['87144-81-8'],1.1311947806
POOL-00019489,"InChI=1S/C10H19N/c1-2-5-9(6-3-1)10-7-4-8-11-10/h9-11H,1-8H2",C1CCC(C2CCCN2)CC1,110.0411847243922,False,['367281-02-5'],1.158563364
POOL-00007573,"InChI=1S/C15H23N/c1-2-6-14(7-3-1)8-4-5-9-15-10-12-16-13-11-15/h1-3,6-7,15-16H,4-5,8-13H2",c1ccc(CCCCC2CCNCC2)cc1,274.7462424959782,False,['118156-59-5'],1.1249509264
POOL-00041590,"InChI=1S/C12H15N/c1-13-9-7-12(8-10-13)11-5-3-2-4-6-11/h2-7H,8-10H2,1H3",CN1CC=C(c2ccccc2)CC1,300.16033227962595,False,['28289-54-5'],1.1450070874
POOL-00023729,"InChI=1S/C14H21N/c1-3-9-14(10-11-15(2)12-14)13-7-5-4-6-8-13/h4-8H,3,9-12H2,1-2H3",CCCC1(c2ccccc2)CCN(C)C1,302.374555977767,False,['74332-84-6'],1.1533603029
POOL-00018993,"InChI=1S/C10H21N/c1-3-9(4-2)10-7-5-6-8-11-10/h9-11H,3-8H2,1-2H3",CCC(CC)C1CCCCN1,91.04589952780503,False,['103906-20-3'],1.1455021492
POOL-00023639,"InChI=1S/C10H21N/c1-11-9-5-8-10-6-3-2-4-7-10/h10-11H,2-9H2,1H3",CNCCCC1CCCCC1,84.87356687344439,False,['478626-71-0'],1.1436936385
POOL-00016857,"InChI=1S/C9H13NS/c1-7-4-5-9(11-7)8-3-2-6-10-8/h4-5,8,10H,2-3,6H2,1H3",Cc1ccc(C2CCCN2)s1,235.46570148385047,False,['524674-41-7'],1.1342625029
POOL-00010193,"InChI=1S/C12H16BrN/c13-12-6-4-11(5-7-12)10-14-8-2-1-3-9-14/h4-7H,1-3,8-10H2",Brc1ccc(CN2CCCCC2)cc1,274.8781328280951,False,['178162-69-1'],1.1166078221
POOL-00035698,"InChI=1S/C13H17N/c1-11-5-3-4-6-13(11)12-7-9-14(2)10-8-12/h3-7H,8-10H2,1-2H3",Cc1ccccc1C1=CCN(C)CC1,352.0081250022063,False,['102417-86-7'],1.1395052774
POOL-00036640,"InChI=1S/C15H17N/c1-16-15(14-10-6-3-7-11-14)12-13-8-4-2-5-9-13/h2-11,15-16H,12H2,1H3",CNC(Cc1ccccc1)c1ccccc1,407.9647893410623,False,['53663-25-5'],1.1348628947
POOL-00016140,"InChI=1S/C14H15N/c1-15-11-12-7-9-14(10-8-12)13-5-3-2-4-6-13/h2-10,15H,11H2,1H3",CNCc1ccc(-c2ccccc2)cc1,403.1136507983479,False,['110931-72-1'],1.1345709297
POOL-00013457,"InChI=1S/C15H23N/c1-13(15-10-6-3-7-11-15)16-12-14-8-4-2-5-9-14/h2,4-5,8-9,13,15-16H,3,6-7,10-12H2,1H3",CC(NCc1ccccc1)C1CCCCC1,287.5630780276475,False,['63167-00-0'],1.1523226604
POOL-00029829,"InChI=1S/C11H16N2/c1-2-6-10(5-1)13-9-11-7-3-4-8-12-11/h3-4,7-8,10,13H,1-2,5-6,9H2",c1ccc(CNC2CCCC2)nc1,239.52700846499752,False,['626210-34-2'],1.1229853832
POOL-00038603,"InChI=1S/C13H17N/c1-4-10-14(3)12(2)11-13-8-6-5-7-9-13/h1,5-9,12H,10-11H2,2-3H3",C#CCN(C)C(C)Cc1ccccc1,296.76164352109106,False,['2323-36-6'],1.1467385819
POOL-00007845,"InChI=1S/C10H21N/c1-10(2,3)9-5-4-7-11-8-6-9/h9,11H,4-8H2,1-3H3",CC(C)(C)C1CCCNCC1,104.53140972006528,False,['78813-90-8'],1.161970803
POOL-00019254,"InChI=1S/C14H27N/c1-3-7-13(8-4-1)11-15-12-14-9-5-2-6-10-14/h13-15H,1-12H2",C1CCC(CNCC2CCCCC2)CC1,136.72163553617756,False,['3309-27-1'],1.1280575621
POOL-00039568,"InChI=1S/C12H25N/c1-2-4-6-8-10-12-13-11-9-7-5-3-1/h13H,1-12H2",C1CCCCCCNCCCCC1,53.19188266301452,False,['295-03-4'],1.164845845
POOL-00041056,"InChI=1S/C9H17N/c1-2-8-10-9-6-4-3-5-7-9/h2,9-10H,1,3-8H2",C=CCNC1CCCCC1,92.90138860756122,False,['6628-00-8'],1.1524715755
POOL-00008900,"InChI=1S/C13H18BrN/c1-15(12-7-3-4-8-12)10-11-6-2-5-9-13(11)14/h2,5-6,9,12H,3-4,7-8,10H2,1H3",CN(Cc1ccccc1Br)C1CCCC1,318.0669210485758,False,['1119450-04-2'],1.1491632761
POOL-00043261,"InChI=1S/C10H15N/c1-2-3-4-7-10-8-5-6-9-11-10/h5-6,8-9H,2-4,7H2,1H3",CCCCCc1ccccn1,181.32408233692004,False,['2294-76-0'],1.15268111
POOL-00033020,"InChI=1S/C11H21N/c1-12(10-6-2-3-7-10)11-8-4-5-9-11/h10-11H,2-9H2,1H3",CN(C1CCCC1)C1CCCC1,115.93953880615514,False,['3217-97-8'],1.1525030309
POOL-00024834,"InChI=1S/C10H15N/c1-9(11(2)3)10-7-5-4-6-8-10/h4-9H,1-3H3",CC(c1ccccc1)N(C)C,203.3725789018201,False,"['2449-49-2', '7398-61-0']",1.1402713449
POOL-00032843,"InChI=1S/C10H15N/c1-3-11(2)9-10-7-5-4-6-8-10/h4-8H,3,9H2,1-2H3",CCN(C)Cc1ccccc1,193.2875676035994,False,['4788-37-8'],1.1305069988
POOL-00036902,"InChI=1S/C9H10BrNS/c10-8-3-1-2-7(6-8)9-11-4-5-12-9/h1-3,6,9,11H,4-5H2",Brc1cccc(C2NCCS2)c1,270.9859747745539,False,['67086-84-4'],1.1412634104
POOL-00030077,"InChI=1S/C11H15N/c1-4-10-5-7-11(8-6-10)9-12(2)3/h4-8H,1,9H2,2-3H3",C=Cc1ccc(CN(C)C)cc1,246.21155198252444,False,"['2245-52-5', '50976-17-5']",1.149891281
POOL-00037037,"InChI=1S/C14H21N/c1-15(2)14(11-7-4-8-12-14)13-9-5-3-6-10-13/h3,5-6,9-10H,4,7-8,11-12H2,1-2H3",CN(C)C1(c2ccccc2)CCCCC1,296.374555977767,False,['2201-17-4'],1.1649607507
POOL-00043434,"InChI=1S/C9H19N/c1-2-8-10-9-6-4-3-5-7-9/h9-10H,2-8H2,1H3",CCCNC1CCCCC1,74.79745154591336,False,['3592-81-2'],1.1319804788
POOL-00039698,"InChI=1S/C13H21N/c1-12(2,3)10-8-7-9-11(14-10)13(4,5)6/h7-9H,1-6H3",CC(C)(C)c1cccc(C(C)(C)C)n1,283.4928272148287,False,['585-48-8'],1.1647377623
POOL-00043406,"InChI=1S/C11H21N/c1-3-7-11(8-4-1)12-9-5-2-6-10-12/h11H,1-10H2",C1CCC(N2CCCCC2)CC1,104.9658022036436,False,['3319-01-5'],1.1284737552
POOL-00026101,"InChI=1S/C9H10BrNS/c10-8-3-1-7(2-4-8)9-11-5-6-12-9/h1-4,9,11H,5-6H2",Brc1ccc(C2NCCS2)cc1,253.73597477455388,False,['67086-81-1'],1.1439729743
POOL-00033022,"InChI=1S/C13H27N/c1-14-13-11-9-7-5-3-2-4-6-8-10-12-13/h13-14H,2-12H2,1H3",CNC1CCCCCCCCCCC1,110.40397044122784,False,['40221-53-2'],1.1406864389
POOL-00027109,"InChI=1S/C15H17N/c1-13(15-10-6-3-7-11-15)16-12-14-8-4-2-5-9-14/h2-11,13,16H,12H2,1H3",CC(NCc1ccccc1)c1ccccc1,407.9647893410623,False,['3193-62-2'],1.1628121161
POOL-00022173,"InChI=1S/C11H15N/c1-3-9-12(2)10-11-7-5-4-6-8-11/h3-8H,1,9-10H2,2H3",C=CCN(C)Cc1ccccc1,228.01924532784767,False,['2520-97-0'],1.1445448372
POOL-00004032,"InChI=1S/C12H23N/c1-12(8-4-2-5-9-12)13-10-6-3-7-11-13/h2-11H2,1H3",CC1(N2CCCCC2)CCCCC1,152.50741183803655,False,['19353-09-4'],1.1330922182
POOL-00039366,"InChI=1S/C15H17N/c1-3-7-14(8-4-1)11-12-16-13-15-9-5-2-6-10-15/h1-10,16H,11-13H2",c1ccc(CCNCc2ccccc2)cc1,352.7948325711524,False,['3647-71-0'],1.1331481876
POOL-00039306,"InChI=1S/C9H19N/c1-8(2)10-9-6-4-3-5-7-9/h8-10H,3-7H2,1-2H3",CC(C)NC1CCCCC1,82.72905595320057,False,['1195-42-2'],1.1476521405
POOL-00039768,"InChI=1S/C14H15N/c1-11-3-7-13(8-4-11)15-14-9-5-12(2)6-10-14/h3-10,15H,1-2H3",Cc1ccc(Nc2ccc(C)cc2)cc1,382.4008090804893,False,['620-93-9'],1.1488865011
POOL-00029902,"InChI=1S/C8H10BrN/c1-10-6-7-3-2-4-8(9)5-7/h2-5,10H,6H2,1H3",CNCc1cccc(Br)c1,210.1674941941729,False,['67344-77-8'],1.1621505808
POOL-00026841,"InChI=1S/C12H17BrN2/c13-12-4-2-11(3-5-12)10-15-8-1-6-14-7-9-15/h2-5,14H,1,6-10H2",Brc1ccc(CN2CCCNCC2)cc1,288.9953583850857,False,['690632-73-6'],1.1482439393
POOL-00029981,"InChI=1S/C8H10BrN/c1-10-6-7-2-4-8(9)5-3-7/h2-5,10H,6H2,1H3",CNCc1ccc(Br)cc1,192.9174941941729,False,['699-03-6'],1.1336072748
POOL-00012763,"InChI=1S/C9H19N/c1-2-10-9-7-5-3-4-6-8-9/h9-10H,2-8H2,1H3",CCNC1CCCCCC1,72.79745154591336,False,['45806-60-8'],1.1601103538
POOL-00003850,"InChI=1S/C15H23N/c1-16(2)13-15(11-7-4-8-12-15)14-9-5-3-6-10-14/h3,5-6,9-10H,4,7-8,11-13H2,1-2H3",CN(C)CC1(c2ccccc2)CCCCC1,309.466653218546,False,['101355-47-9'],1.1572471766
POOL-00003504,"InChI=1S/C8H13NS/c1-6-4-8(5-9-3)7(2)10-6/h4,9H,5H2,1-3H3",CNCc1cc(C)sc1C,215.03220953548995,False,['921145-41-7'],1.1517949189
POOL-00038015,"InChI=1S/C15H25N/c1-14(2,3)12-15(4,5)16-11-13-9-7-6-8-10-13/h6-10,16H,11-12H2,1-5H3",CC(C)(C)CC(C)(C)NCc1ccccc1,305.9568782142191,False,['3598-75-2'],1.1572331184
POOL-00036873,"InChI=1S/C10H11BrO/c11-9-5-3-8(4-6-9)10(12)7-1-2-7/h3-7,10,12H,1-2H2",OC(c1ccc(Br)cc1)C1CC1,263.6719978261822,False,['70289-39-3'],1.165060354
POOL-00013976,"InChI=1S/C13H26N2/c1-2-6-11-15(10-5-1)12-8-13-7-3-4-9-14-13/h13-14H,1-12H2",C1CCCN(CCC2CCCCN2)CC1,155.9188881091498,False,['59608-65-0'],1.1616914627
POOL-00043689,"InChI=1S/C14H27N/c1-2-15(13-9-5-3-6-10-13)14-11-7-4-8-12-14/h13-14H,2-12H2,1H3",CCN(C1CCCCC1)C1CCCCC1,148.17751382081582,False,['7175-49-7'],1.1493842363
POOL-00042620,"InChI=1S/C9H13N/c1-2-3-5-9-6-4-7-10-8-9/h4,6-8H,2-3,5H2,1H3",CCCCc1cccnc1,169.34295735705518,False,['539-32-2'],1.1639157207
POOL-00039131,"InChI=1S/C12H16N2/c1-14(2)9-13-12-8-11(12)10-6-4-3-5-7-10/h3-7,9,11-12H,8H2,1-2H3",CN(C)C=NC1CC1c1ccccc1,316.35343105282635,False,['101398-73-6'],1.1638879199
POOL-00016123,"InChI=1S/C13H26N2/c1-11-6-5-7-12(2)15(11)10-13-8-3-4-9-14-13/h11-14H,3-10H2,1-2H3",CC1CCCC(C)N1CC1CCCCN1,176.9749743550015,False,['1005116-45-9'],1.1649537103
POOL-00034925,"InChI=1S/C12H15NO/c14-13-12-8-6-11(7-9-12)10-4-2-1-3-5-10/h1-5,11,14H,6-9H2",ON=C1CCC(c2ccccc2)CC1,308.3534310528264,False,['4500-20-3'],1.1620853749
POOL-00007299,"InChI=1S/C13H26N2/c1-14-12-13(8-4-2-5-9-13)15-10-6-3-7-11-15/h14H,2-12H2,1H3",CNCC1(N2CCCCC2)CCCCC1,173.4651993506746,False,['41805-50-9'],1.1651774299
POOL-00035805,"InChI=1S/C12H22O/c13-12-9-5-4-8-11(12)10-6-2-1-3-7-10/h10-13H,1-9H2",OC1CCCCC1C1CCCCC1,149.2034663791036,False,"['6531-86-8', '51175-62-3', '58879-21-3']",1.1626758042
POOL-00007609,"InChI=1S/C12H17BrN2/c1-14-6-8-15(9-7-14)10-11-2-4-12(13)5-3-11/h2-5H,6-10H2,1H3",CN1CCN(Cc2ccc(Br)cc2)CC1,301.90308737575606,False,['368879-17-8'],1.1648695723
POOL-00043644,"InChI=1S/C16H19N/c1-3-7-15(8-4-1)11-13-17-14-12-16-9-5-2-6-10-16/h1-10,17H,11-14H2",c1ccc(CCNCCc2ccccc2)cc1,366.5550165764458,False,['6308-98-1'],1.1550397178
POOL-00039020,"InChI=1S/C12H18N2/c1-11(13-10-14(2)3)9-12-7-5-4-6-8-12/h4-8,10-11H,9H2,1-3H3",CC(Cc1ccccc1)N=CN(C)C,277.6330203302585,False,['61945-47-9'],1.1599261459
POOL-00024742,"InChI=1S/C6H8BrNS/c1-8-4-5-2-3-6(7)9-5/h2-3,8H,4H2,1H3",CNCc1ccc(Br)s1,184.93847023217103,False,['90553-43-8'],1.1225872623
POOL-00016624,"InChI=1S/C10H21NO/c1-9(2)7-6-8-10(3,4)11(9)12-5/h6-8H2,1-5H3",CON1C(C)(C)CCCC1(C)C,147.2215145706365,False,['34672-84-9'],1.1516309037
POOL-00039272,"InChI=1S/C13H22O/c1-10-6-5-8-12(3,4)13(10)9-7-11(2)14-13/h6,11H,5,7-9H2,1-4H3",CC1=CCCC(C)(C)C12CCC(C)O2,264.4091282081981,False,"['36431-72-8', '169102-88-9']",1.1605505521
POOL-00025298,"InChI=1S/C12H26N2/c1-2-3-4-5-6-7-10-14-11-8-13-9-12-14/h13H,2-12H2,1H3",CCCCCCCCN1CCNCC1,119.49013676840814,False,['54256-45-0'],1.1630568702
POOL-00037496,"InChI=1S/C11H20N2/c1-2-3-4-5-6-7-9-13-10-8-12-11-13/h8,10-11H,2-7,9H2,1H3",CCCCCCCCn1ccnc1,191.86501262246173,False,['21252-69-7'],1.1632481273
POOL-00035839,"InChI=1S/C13H12N2/c1-3-7-12(8-4-1)14-11-15-13-9-5-2-6-10-13/h1-11H,(H,14,15)",C(=Nc1ccccc1)Nc1ccccc1,420.8036454406183,False,"['622-15-1', '148651-26-7']",1.152410566
POOL-00016369,"InChI=1S/C12H26N2/c1-11(2)8-10(13(5)6)9-12(3,4)14(11)7/h10H,8-9H2,1-7H3",CN(C)C1CC(C)(C)N(C)C(C)(C)C1,188.3672688787752,False,"['52185-74-7', '36177-86-3']",1.1499656048
POOL-00028221,"InChI=1S/C11H15FN2O/c1-3-14(4-2)11(15)13-10-7-5-9(12)6-8-10/h5-8H,3-4H2,1-2H3,(H,13,15)",CCN(CC)C(=O)Nc1ccc(F)cc1,319.86473577962784,False,['200116-41-2'],1.1606486444
POOL-00034782,"InChI=1S/C13H17BrN2O/c14-11-4-6-12(7-5-11)15-13(17)10-16-8-2-1-3-9-16/h4-7H,1-3,8-10H2,(H,15,17)",O=C(CN1CCCCC1)Nc1ccc(Br)cc1,371.5107816340442,False,['58479-86-0'],1.1631831964
POOL-00002329,"InChI=1S/C12H20O2/c1-10-4-5-11(2,3)6-7-12(10)13-8-9-14-12/h4H,5-9H2,1-3H3",CC1=CCC(C)(C)CCC12OCCO2,247.04734401697988,False,['104166-05-4'],1.1643393565
,,,,,,
POOL-00036264,"InChI=1S/C13H26O/c1-3-5-6-7-8-9-10-12-13(14)11-4-2/h3-12H2,1-2H3",CCCCCCCCCC(=O)CCC,129.19725257297225,False,['26215-90-7'],1.1606783467
POOL-00042527,"InChI=1S/C13H26O/c1-3-5-7-9-11-13(14)12-10-8-6-4-2/h3-12H2,1-2H3",CCCCCCC(=O)CCCCCC,115.19725257297226,False,['462-18-0'],1.1614732026
POOL-00040138,"InChI=1S/C13H26O/c1-3-5-6-7-8-9-10-11-12-13(14)4-2/h3-12H2,1-2H3",CCCCCCCCCCC(=O)CC,129.19725257297225,False,['1534-26-5'],1.1609855148
POOL-00042314,"InChI=1S/C12H26O/c1-3-5-7-9-11-13-12-10-8-6-4-2/h3-12H2,1-2H3",CCCCCCOCCCCCC,71.19366193720087,False,['112-58-3'],1.1353389169
POOL-00042692,"InChI=1S/C13H26O/c1-3-4-5-6-7-8-9-10-11-12-13(2)14/h3-12H2,1-2H3",CCCCCCCCCCCC(C)=O,129.19725257297225,False,['593-08-8'],1.1548397
POOL-00043088,"InChI=1S/C12H24O/c1-3-5-6-7-8-9-10-11-12(13)4-2/h3-11H2,1-2H3",CCCCCCCCCC(=O)CC,118.29288419543587,False,['1534-27-6'],1.1581352503
POOL-00038266,"InChI=1S/C12H24O/c1-4-5-6-7-8-9-10-12(13)11(2)3/h11H,4-10H2,1-3H3",CCCCCCCCC(=O)C(C)C,127.08616632718032,False,['6315-95-3'],1.1637648014
POOL-00043627,"InChI=1S/C12H24O/c1-3-4-5-6-7-8-9-10-11-12(2)13/h3-11H2,1-2H3",CCCCCCCCCCC(C)=O,118.29288419543587,False,['6175-49-1'],1.1590552334
POOL-00032756,"InChI=1S/C12H24O/c1-4-5-6-7-8-9-12(13)10-11(2)3/h11H,4-10H2,1-3H3",CCCCCCCC(=O)CC(C)C,127.08616632718032,False,['19594-40-2'],1.1618021312
POOL-00039867,"InChI=1S/C14H28O/c1-3-5-6-7-8-9-10-11-12-13-14-15-4-2/h4H,2-3,5-14H2,1H3",C=COCCCCCCCCCCCC,120.50710789357689,False,['765-14-0'],1.1440678559
POOL-00039794,"InChI=1S/C14H28O/c1-3-5-6-7-8-9-10-11-12-13-14(15)4-2/h3-13H2,1-2H3",CCCCCCCCCCCC(=O)CC,140.27412662783286,False,['629-23-2'],1.1622929215
POOL-00004057,"InChI=1S/C13H29N/c1-5-6-7-8-9-10-11-12-13(2)14(3)4/h13H,5-12H2,1-4H3",CCCCCCCCCC(C)N(C)C,109.80319039058516,False,['68989-38-8'],1.1176549995
POOL-00040000,"InChI=1S/C12H27N/c1-4-5-6-7-8-9-10-11-12-13(2)3/h4-12H2,1-3H3",CCCCCCCCCCN(C)C,89.12526634448808,False,['1120-24-7'],1.1140489711
POOL-00036798,"InChI=1S/C13H29N/c1-4-5-6-7-8-9-10-11-12-13-14(2)3/h4-13H2,1-3H3",CCCCCCCCCCCN(C)C,99.40868524464068,False,['17373-28-3'],1.1113317316
POOL-00042817,"InChI=1S/C13H25N/c1-2-3-4-5-6-7-8-9-10-11-12-13-14/h2-12H2,1H3",CCCCCCCCCCCCC#N,134.66121417115687,False,"['629-60-7', '68424-73-7']",1.1603842637
POOL-00018669,"InChI=1S/C13H29N/c1-4-6-8-10-12-14(3)13-11-9-7-5-2/h4-13H2,1-3H3",CCCCCCN(C)CCCCCC,89.40868524464067,False,['37615-53-5'],1.1151321691
POOL-00011358,"InChI=1S/C13H26O/c1-2-3-4-5-6-7-8-9-10-11-13-12-14-13/h13H,2-12H2,1H3",CCCCCCCCCCCC1CO1,118.4039704412278,False,"['1713-31-1', '66587-57-3', '12609-83-5']",1.1564757831
POOL-00042818,"InChI=1S/C14H30O/c1-3-5-7-9-11-13-15-14-12-10-8-6-4-2/h3-14H2,1-2H3",CCCCCCCOCCCCCCC,89.51182269698973,False,['629-64-1'],1.1143814083
POOL-00041314,"InChI=1S/C11H22O/c1-3-5-6-7-8-10-11(12)9-4-2/h3-10H2,1-2H3",CCCCCCCC(=O)CCC,107.57174002125652,False,['14476-37-0'],1.1654805287
POOL-00042292,"InChI=1S/C11H22O/c1-3-4-5-6-7-8-9-10-11(2)12/h3-10H2,1-2H3",CCCCCCCCCC(C)=O,107.57174002125652,False,['112-12-9'],1.1630071693
POOL-00042909,"InChI=1S/C15H30O/c1-3-5-7-9-11-13-15(16)14-12-10-8-6-4-2/h3-14H2,1-2H3",CCCCCCCC(=O)CCCCCCC,135.51394111779547,False,['818-23-5'],1.1620557598
POOL-00038460,"InChI=1S/C14H27N/c1-6-7-8-9-10-11-12-15(13(2)3)14(4)5/h13-14H,6-9,12H2,1-5H3",CCCCCC#CCN(C(C)C)C(C)C,187.11957749745352,False,['6332-62-3'],1.1223629408
POOL-00039970,"InChI=1S/C15H30O/c1-3-5-7-8-9-10-12-14-15(16)13-11-6-4-2/h3-14H2,1-2H3",CCCCCCCCCC(=O)CCCCC,151.51394111779547,False,['1001-45-2'],1.1616559032
POOL-00030459,"InChI=1S/C11H25N/c1-4-5-6-7-8-9-10-11-12(2)3/h4-11H2,1-3H3",CCCCCCCCCN(C)C,79.07329781366415,False,['17373-27-2'],1.117261177
POOL-00037140,"InChI=1S/C11H22O/c1-4-5-6-7-8-11(12)9-10(2)3/h10H,4-9H2,1-3H3",CCCCCCC(=O)CC(C)C,116.17252007189916,False,['6628-25-7'],1.165556505
POOL-00012762,InChI=1S/C12H22BrN/c13-11-9-7-5-3-1-2-4-6-8-10-12-14/h1-11H2,N#CCCCCCCCCCCCBr,139.7473804983372,False,['54863-47-7'],1.1466944698
POOL-00038459,"InChI=1S/C13H25N/c1-6-7-8-9-10-11-14(12(2)3)13(4)5/h12-13H,6-8,11H2,1-5H3",CCCCC#CCN(C(C)C)C(C)C,175.14758128652295,False,['6323-70-2'],1.1258532291
POOL-00042500,"InChI=1S/C12H25F/c1-2-3-4-5-6-7-8-9-10-11-12-13/h2-12H2,1H3",CCCCCCCCCCCCF,71.19366193720087,False,['334-68-9'],1.0713554828
POOL-00043398,"InChI=1S/C14H28O/c1-2-3-4-5-6-7-8-9-10-11-12-14-13-15-14/h14H,2-13H2,1H3",CCCCCCCCCCCCC1CO1,129.30039002532132,False,['3234-28-4'],1.1542745643
POOL-00043357,"InChI=1S/C12H24O/c1-2-3-4-5-6-7-8-9-10-12-11-13-12/h12H,2-11H2,1H3",CCCCCCCCCCC1CO1,107.69210414479323,False,['2855-19-8'],1.1615050022
POOL-00042296,"InChI=1S/C14H31N/c1-4-5-6-7-8-9-10-11-12-13-14-15(2)3/h4-14H2,1-3H3",CCCCCCCCCCCCN(C)C,109.90632784293425,False,"['112-18-5', '68391-04-8']",1.1014362896
POOL-00033867,"InChI=1S/C15H30O/c1-3-5-7-9-10-12-14-15(16)13-11-8-6-4-2/h3-14H2,1-2H3",CCCCCCCCC(=O)CCCCCC,151.51394111779547,False,['6064-38-6'],1.1658507119
POOL-00039209,"InChI=1S/C15H30O/c1-3-4-5-6-7-8-9-10-11-12-13-14-15(2)16/h3-14H2,1-2H3",CCCCCCCCCCCCCC(C)=O,151.51394111779547,False,['2345-28-0'],1.1633373639
POOL-00042862,"InChI=1S/C10H22O/c1-3-5-7-9-11-10-8-6-4-2/h3-10H2,1-2H3",CCCCCOCCCCC,53.89311688209828,False,['693-65-2'],1.1486704237
POOL-00042318,"InChI=1S/C13H28O/c1-2-3-4-5-6-7-8-9-10-11-12-13-14/h14H,2-13H2,1H3",CCCCCCCCCCCCCO,79.23635259028,False,"['112-70-9', '26248-42-0', '80206-82-2']",1.1178471493
POOL-00040826,"InChI=1S/C14H29F/c1-2-3-4-5-6-7-8-9-10-11-12-13-14-15/h2-14H2,1H3",CCCCCCCCCCCCCCF,89.51182269698973,False,"['73180-09-3', '593-33-9']",1.1323818538
POOL-00037945,"InChI=1S/C14H30O/c1-3-5-7-8-10-12-14(13-15)11-9-6-4-2/h14-15H,3-13H2,1-2H3",CCCCCCCC(CO)CCCCC,111.90632784293422,False,['5333-48-2'],1.1658047391
POOL-00038463,"InChI=1S/C14H27N/c1-4-7-10-11-14-15(12-8-5-2)13-9-6-3/h4-9,12-14H2,1-3H3",CCCC#CCN(CCCC)CCCC,167.51305927553886,False,['6323-76-8'],1.1159224665
POOL-00041143,"InChI=1S/C13H29N/c1-3-4-5-6-7-8-9-10-11-12-13-14-2/h14H,3-13H2,1-2H3",CCCCCCCCCCCCNC,79.23635259028,False,['7311-30-0'],1.1011325823
POOL-00038458,"InChI=1S/C12H23N/c1-6-7-8-9-10-13(11(2)3)12(4)5/h11-12H,6-7,10H2,1-5H3",CCCC#CCN(C(C)C)C(C)C,163.29883557739788,False,['6323-19-9'],1.1444793254
POOL-00037067,"InChI=1S/C12H25BrO/c13-11-9-7-5-3-1-2-4-6-8-10-12-14/h14H,1-12H2",OCCCCCCCCCCCCBr,84.32251891746033,False,['3344-77-2'],1.1185952597
POOL-00036163,"InChI=1S/C14H30O/c1-5-7-8-13(6-2)9-10-14(15)11-12(3)4/h12-15H,5-11H2,1-4H3",CCCCC(CC)CCC(O)CC(C)C,131.30039002532132,False,['103-20-8'],1.1580159372
POOL-00022349,"InChI=1S/C13H20O/c1-2-3-4-8-11-14-12-13-9-6-5-7-10-13/h5-7,9-10H,2-4,8,11-12H2,1H3",CCCCCCOCc1ccccc1,217.9369890746507,False,['61103-84-2'],1.1612047934
POOL-00033863,"InChI=1S/C12H26S/c1-3-5-6-7-8-9-10-11-12-13-4-2/h3-12H2,1-2H3",CCCCCCCCCCSCC,71.19366193720087,False,['19313-61-2'],1.1288677634
POOL-00042463,"InChI=1S/C12H27N/c1-3-5-7-9-11-13-12-10-8-6-4-2/h13H,3-12H2,1-2H3",CCCCCCNCCCCCC,71.19366193720087,False,['143-16-8'],1.0897257801
POOL-00035589,"InChI=1S/C11H24S/c1-3-4-5-6-7-8-9-10-11-12-2/h3-11H2,1-2H3",CCCCCCCCCCSC,61.40436410139085,False,['22438-39-7'],1.1339467219
POOL-00042319,"InChI=1S/C14H30O/c1-2-3-4-5-6-7-8-9-10-11-12-13-14-15/h15H,2-14H2,1H3",CCCCCCCCCCCCCCO,89.51182269698973,False,"['112-72-1', '63393-82-8', '67762-41-8', '68855-56-1', '68002-95-9', '75782-87-5', '71750-71-5']",1.1172966613
POOL-00029948,"InChI=1S/C13H21N/c1-2-3-4-5-6-7-8-13-9-11-14-12-10-13/h9-12H,2-8H2,1H3",CCCCCCCCc1ccncc1,217.9369890746507,False,['40089-91-6'],1.161346923
POOL-00041002,"InChI=1S/C12H26S/c1-3-5-7-9-11-13-12-10-8-6-4-2/h3-12H2,1-2H3",CCCCCCSCCCCCC,71.19366193720087,False,['6294-31-1'],1.0649626719
POOL-00036712,"InChI=1S/C14H29NO/c1-2-3-4-5-6-7-8-9-10-15-11-13-16-14-12-15/h2-14H2,1H3",CCCCCCCCCCN1CCOCC1,143.6707676937051,False,['25727-94-0'],1.1641165501
POOL-00003364,"InChI=1S/C12H23NS/c1-2-3-4-5-6-7-8-9-12-13-10-11-14-12/h2-11H2,1H3",CCCCCCCCCC1=NCCS1,165.70466441100885,False,['21226-53-9'],1.1582538326
POOL-00032797,"InChI=1S/C11H21NS/c1-2-3-4-5-6-7-10-13-11-8-9-12/h2-8,10-11H2,1H3",CCCCCCCCSCCC#N,128.542193526497,False,['35652-59-6'],1.1498927583
POOL-00041221,"InChI=1S/C12H26O2/c1-10(2)6-8-13-12(5)14-9-7-11(3)4/h10-12H,6-9H2,1-5H3",CC(C)CCOC(C)OCCC(C)C,107.49013676840816,False,['13002-09-0'],1.1642452317
POOL-00015997,"InChI=1S/C14H28O/c1-2-3-4-5-6-7-8-9-10-11-12-13-14-15/h9-10,15H,2-8,11-14H2,1H3",CCCCCCCCC=CCCCCO,129.30039002532132,False,['40642-42-0'],1.1347855124
POOL-00043695,"InChI=1S/C15H32O/c1-6-15(5,16)12-8-11-14(4)10-7-9-13(2)3/h13-14,16H,6-12H2,1-5H3",CCC(C)(O)CCCC(C)CCCC(C)C,160.81788657672848,False,['7278-65-1'],1.1569742002
POOL-00040629,"InChI=1S/C13H28S/c1-3-4-5-6-7-8-9-10-11-12-13-14-2/h3-13H2,1-2H3",CCCCCCCCCCCCSC,79.23635259028,False,['3698-89-3'],1.1249396569
POOL-00027562,"InChI=1S/C13H19BrO/c1-13(2,3)11-5-7-12(8-6-11)15-10-4-9-14/h5-8H,4,9-10H2,1-3H3",CC(C)(C)c1ccc(OCCCBr)cc1,284.3994170535784,False,['3245-63-4'],1.1469392939
POOL-00037054,"InChI=1S/C14H23N/c1-3-5-9-13(10-6-4-2)14-11-7-8-12-15-14/h7-8,11-13H,3-6,9-10H2,1-2H3",CCCCC(CCCC)c1ccccn1,234.77542995949491,False,['2961-49-1'],1.1409555091
POOL-00027432,"InChI=1S/C15H26O/c1-13(2)7-5-8-14(3)9-6-10-15(4)11-12-16/h7,9,11,16H,5-6,8,10,12H2,1-4H3",CC(C)=CCCC(C)=CCCC(C)=CCO,265.1595387832714,False,['4602-84-0'],1.1271567106
POOL-00037501,"InChI=1S/C16H30O/c1-2-3-4-5-6-7-8-9-10-11-12-15-13-14-16(15)17/h15H,2-14H2,1H3",CCCCCCCCCCCCC1CCC1=O,197.70185952129685,False,['35493-46-0'],1.1598998911
POOL-00040862,"InChI=1S/C11H21NS/c1-2-3-4-5-6-7-8-9-10-13-11-12/h2-10H2,1H3",CCCCCCCCCCSC#N,128.542193526497,False,['5349-20-2'],1.1620612649
POOL-00038464,"InChI=1S/C12H19N/c1-4-7-10-13(11-8-5-2)12-9-6-3/h4,7,10-12H2,1-3H3",CC#CCN(CC#CC)CCCC,198.97970665753635,False,['6323-77-9'],1.1597038569
POOL-00039868,"InChI=1S/C13H25NS/c1-2-3-4-5-6-7-8-9-10-11-12-15-13-14/h2-12H2,1H3",CCCCCCCCCCCCSC#N,151.10516764588985,False,['765-15-1'],1.1614557188
POOL-00033890,"InChI=1S/C11H24S/c1-3-5-6-7-8-9-10-11-12-4-2/h3-11H2,1-2H3",CCCCCCCCCSCC,61.40436410139085,False,['59973-08-9'],1.1514644585
POOL-00039829,"InChI=1S/C11H24O2/c1-4-7-8-9-10-11(12-5-2)13-6-3/h11H,4-10H2,1-3H3",CCCCCCC(OCC)OCC,88.09106854813167,False,['688-82-4'],1.1596607693
POOL-00042312,"InChI=1S/C12H26S/c1-2-3-4-5-6-7-8-9-10-11-12-13/h13H,2-12H2,1H3",CCCCCCCCCCCCS,71.19366193720087,False,"['112-55-0', '1322-36-7', '6939-83-9', '30237-11-7']",1.0662722749
POOL-00035977,"InChI=1S/C12H27N/c1-9(2)7-11(5)13-12(6)8-10(3)4/h9-13H,7-8H2,1-6H3",CC(C)CC(C)NC(C)CC(C)C,104.29288419543587,False,['105-51-1'],1.1513797903
POOL-00030647,"InChI=1S/C14H24S/c1-2-3-4-5-6-7-8-9-10-14-11-12-15-13-14/h11-13H,2-10H2,1H3",CCCCCCCCCCc1ccsc1,213.2523890498209,False,['65016-55-9'],1.1564851598
POOL-00036282,"InChI=1S/C13H21NO/c1-2-3-4-5-6-9-12-15-13-10-7-8-11-14-13/h7-8,10-11H,2-6,9,12H2,1H3",CCCCCCCCOc1ccccn1,235.55108572249765,False,['70289-27-9'],1.1592706462
POOL-00039812,"InChI=1S/C15H33N/c1-13(2)7-10-16(11-8-14(3)4)12-9-15(5)6/h13-15H,7-12H2,1-6H3",CC(C)CCN(CCC(C)C)CCC(C)C,120.98461610481463,False,['645-41-0'],1.1412934556
POOL-00039321,"InChI=1S/C11H24S/c1-2-3-4-5-6-7-8-9-10-11-12/h12H,2-11H2,1H3",CCCCCCCCCCCS,61.40436410139085,False,['5332-52-5'],1.0681349659
POOL-00012947,"InChI=1S/C11H21FO2/c1-4-6-8-13-11(10(3)12)14-9-7-5-2/h11H,3-9H2,1-2H3",C=C(F)C(OCCCC)OCCCC,138.22295770630774,False,['66450-75-7'],1.1632669841
POOL-00007314,"InChI=1S/C11H23BrS/c12-10-8-6-4-2-1-3-5-7-9-11-13/h13H,1-11H2",SCCCCCCCCCCCBr,76.15946414084448,False,['116129-34-1'],1.0715692983
POOL-00034119,"InChI=1S/C12H27NO/c1-3-5-9-13(10-6-4-2)11-7-8-12-14/h14H,3-12H2,1-2H3",CCCCN(CCCC)CCCCO,98.494851571821,False,['94473-23-1'],1.1284146407
POOL-00032783,"InChI=1S/C10H22O2/c1-11-9-7-5-3-4-6-8-10-12-2/h3-10H2,1-2H3",COCCCCCCCCOC,64.2388309575275,False,['51306-09-3'],1.1420074302
POOL-00040940,"InChI=1S/C10H22O2/c1-8(2)6-11-10(5)12-7-9(3)4/h8-10H,6-7H2,1-5H3",CC(C)COC(C)OCC(C)C,88.01170173144864,False,['5669-09-0'],1.1617562129
POOL-00043581,"InChI=1S/C14H30O2/c1-4-6-8-10-12-15-14(3)16-13-11-9-7-5-2/h14H,4-13H2,1-3H3",CCCCCCOC(C)OCCCCCC,111.90374895944908,False,['5405-58-3'],1.1426170555
POOL-00010834,"InChI=1S/C14H22NO/c1-11(2)13(15(16)14(3,4)5)12-9-7-6-8-10-12/h6-11,13H,1-5H3",CC(C)C(c1ccccc1)N([O])C(C)(C)C,313.2572682395404,False,['61015-94-9'],1.1433568835
POOL-00001579,"InChI=1S/C13H21F3/c1-2-3-4-5-6-7-8-9-11-10-12(11)13(14,15)16/h10,12H,2-9H2,1H3",CCCCCCCCCC1=CC1C(F)(F)F,227.8224306464116,False,['1236146-62-5'],1.1415203221
POOL-00032717,"InChI=1S/C14H28N2/c1-5-15(6-2)13-11-9-10-12-14-16(7-3)8-4/h5-9,11,13-14H2,1-4H3",CCN(CC)CC#CCCCN(CC)CC,194.5162185633257,False,['7155-18-2'],1.1207600252
POOL-00041509,"InChI=1S/C11H25NO2/c1-5-7-9-13-11(12(3)4)14-10-8-6-2/h11H,5-10H2,1-4H3",CCCCOC(OCCCC)N(C)C,107.85515892140909,False,['18503-90-7'],1.1636111713
POOL-00017828,"InChI=1S/C12H26N2/c1-5-13(6-2)11-9-10-12-14(7-3)8-4/h9-10H,5-8,11-12H2,1-4H3",CCN(CC)CC=CCN(CC)CC,119.25715550266412,False,['20412-52-6'],1.1589863587
POOL-00036343,"InChI=1S/C12H27PS/c1-10(2)7-13(14,8-11(3)4)9-12(5)6/h10-12H,7-9H2,1-6H3",CC(C)CP(=S)(CC(C)C)CC(C)C,161.21419760504938,False,['3982-87-4'],1.1587740056
POOL-00033926,"InChI=1S/C10H22S2/c1-3-7-11-9-5-6-10-12-8-4-2/h3-10H2,1-2H3",CCCSCCCCSCCC,64.2388309575275,False,['56348-39-1'],1.1474550357
POOL-00018543,"InChI=1S/C12H28N2/c1-4-6-10-14(11-7-5-2)12-8-9-13-3/h13H,4-12H2,1-3H3",CCCCN(CCCC)CCCNC,96.494851571821,False,['189625-05-6'],1.1444897287
,,,,,,
POOL-00017756,"InChI=1S/C11H22O/c1-2-3-4-5-6-7-8-9-10-11-12/h9-10,12H,2-8,11H2,1H3",CCCCCCCCC=CCO,97.177234875312,False,['75039-83-7'],1.1321121974
POOL-00040457,"InChI=1S/C11H20O/c1-2-3-4-5-6-7-8-9-10-11-12/h1,12H,3-11H2",C#CCCCCCCCCCO,112.66274506757225,False,['2774-84-7'],1.1353611392
POOL-00042307,"InChI=1S/C11H22O/c1-2-3-4-5-6-7-8-9-10-11-12/h2,12H,1,3-11H2",C=CCCCCCCCCCO,89.00490222095137,False,['112-43-6'],1.1335630353
POOL-00030334,"InChI=1S/C11H20O/c1-2-3-4-5-6-7-8-9-10-11-12/h12H,4-11H2,1H3",CC#CCCCCCCCCO,129.67487629966476,False,['177961-61-4'],1.1601327032
POOL-00036506,"InChI=1S/C10H18O/c1-2-3-4-5-6-7-8-9-10-11/h11H,2-6,9-10H2,1H3",CCCCCCC#CCCO,118.56980434964623,False,['51721-39-2'],1.1438098266
POOL-00036454,"InChI=1S/C10H20O/c1-9(2)5-4-6-10(3)7-8-11/h5,10-11H,4,6-8H2,1-3H3",CC(C)=CCCC(C)CCO,112.0411847243922,False,"['106-22-9', '26489-01-0', '68916-43-8']",1.1658157066
POOL-00037591,"InChI=1S/C10H20O/c1-3-5-6-7-8-9-10(11)4-2/h4,10-11H,2-3,5-9H2,1H3",C=CC(O)CCCCCCC,88.8735668734444,False,['51100-54-0'],1.0909137264
POOL-00038820,"InChI=1S/C10H22O/c1-10(2)8-6-4-3-5-7-9-11/h10-11H,3-9H2,1-2H3",CC(C)CCCCCCCO,69.27302875388388,False,"['68526-85-2', '25339-17-7', '55505-26-5', '68551-08-6']",1.1250453045
POOL-00036592,"InChI=1S/C12H18O/c1-11(9-10-13)7-8-12-5-3-2-4-6-12/h2-6,11,13H,7-10H2,1H3",CC(CCO)CCc1ccccc1,217.8259028288588,False,['55066-48-3'],1.1489295947
POOL-00043296,"InChI=1S/C12H18O/c1-2-3-4-5-6-11-7-9-12(13)10-8-11/h7-10,13H,2-6H2,1H3",CCCCCCc1ccc(O)cc1,225.38472194922093,False,['2446-69-7'],1.1572817952
POOL-00030088,"InChI=1S/C12H18O/c13-11-7-2-1-4-8-12-9-5-3-6-10-12/h3,5-6,9-10,13H,1-2,4,7-8,11H2",OCCCCCCc1ccccc1,205.62427837286376,False,['2430-16-2'],1.1409773953
POOL-00027649,"InChI=1S/C12H22O/c1-2-3-4-5-6-7-8-9-10-11-12-13/h2-5,13H,6-12H2,1H3",CC=CC=CCCCCCCCO,136.0599029296919,False,['57002-06-9'],1.126908168
POOL-00032882,"InChI=1S/C12H18O/c1-10(2)9-12-5-3-11(4-6-12)7-8-13/h3-6,10,13H,7-9H2,1-2H3",CC(C)Cc1ccc(CCO)cc1,235.80631875919048,False,['36039-35-7'],1.1516592772
POOL-00036621,"InChI=1S/C10H18O/c1-2-3-4-5-6-7-8-9-10-11/h11H,2-4,7-10H2,1H3",CCCCC#CCCCCO,118.56980434964623,False,['68274-97-5'],1.1641530866
POOL-00042226,"InChI=1S/C10H22O/c1-9(2)5-4-6-10(3)7-8-11/h9-11H,4-8H2,1-3H3",CC(C)CCCC(C)CCO,78.9419624661572,False,"['106-21-8', '1333-49-9']",1.1608625235
POOL-00017752,"InChI=1S/C9H18O/c1-2-3-4-5-6-7-8-9-10/h6-7,10H,2-5,8-9H2,1H3",CCCCCC=CCCO,76.79745154591336,False,['51494-28-1'],1.1483102957
POOL-00017755,"InChI=1S/C9H18O/c1-2-3-4-5-6-7-8-9-10/h7-8,10H,2-6,9H2,1H3",CCCCCCC=CCO,76.79745154591336,False,['22104-79-6'],1.1451905905
POOL-00037452,"InChI=1S/C13H20O/c14-12-8-3-1-2-5-9-13-10-6-4-7-11-13/h4,6-7,10-11,14H,1-3,5,8-9,12H2",OCCCCCCCc1ccccc1,217.9369890746507,False,['3208-25-1'],1.1391919397
POOL-00036601,"InChI=1S/C9H19BrO/c10-8-6-4-2-1-3-5-7-9-11/h11H,1-9H2",OCCCCCCCCCBr,58.583072817991095,False,['55362-80-6'],1.133116402
POOL-00025358,"InChI=1S/C10H22O/c1-3-4-5-6-7-8-9-10(2)11/h10-11H,3-9H2,1-2H3",CCCCCCCCC(C)O,69.27302875388388,False,['1120-06-5'],1.0780258352
POOL-00040668,"InChI=1S/C10H18O/c1-2-3-4-5-6-7-8-9-10-11/h11H,2-7,10H2,1H3",CCCCCCCC#CCO,118.56980434964623,False,['4117-14-0'],1.144452866
POOL-00043187,"InChI=1S/C13H20O/c1-2-3-4-5-6-7-12-8-10-13(14)11-9-12/h8-11,14H,2-7H2,1H3",CCCCCCCc1ccc(O)cc1,237.9174050049824,False,"['1987-50-4', '72624-02-3']",1.1461063625
POOL-00030822,"InChI=1S/C11H16O/c1-2-3-4-10-5-7-11(9-12)8-6-10/h5-8,12H,2-4,9H2,1H3",CCCCc1ccc(CO)cc1,212.9506512031586,False,['60834-63-1'],1.1512324891
POOL-00042306,"InChI=1S/C11H24O/c1-2-3-4-5-6-7-8-9-10-11-12/h12H,2-11H2,1H3",CCCCCCCCCCCO,61.40436410139085,False,"['112-42-5', '143819-62-9']",1.1283198737
POOL-00036511,"InChI=1S/C11H16O/c1-10-5-7-11(8-6-10)4-2-3-9-12/h5-8,12H,2-4,9H2,1H3",Cc1ccc(CCCCO)cc1,212.9506512031586,False,['53392-07-7'],1.1516854897
POOL-00039240,"InChI=1S/C11H16O/c12-10-6-2-5-9-11-7-3-1-4-8-11/h1,3-4,7-8,12H,2,5-6,9-10H2",OCCCCCc1ccccc1,193.4189029511064,False,['10521-91-2'],1.1497703189
POOL-00037514,"InChI=1S/C8H17BrO/c9-7-5-3-1-2-4-6-8-10/h10H,1-8H2",OCCCCCCCCBr,49.21928094887362,False,['50816-19-8'],1.1359056819
POOL-00041417,"InChI=1S/C11H18O/c1-9-3-5-11(6-4-9)10(2)7-8-12/h3,11-12H,2,4-8H2,1H3",C=C(CCO)C1CC=C(C)CC1,191.1807934236847,False,['15766-66-2'],1.1641572528
POOL-00035583,"InChI=1S/C9H18O/c1-3-5-6-7-8-9(10)4-2/h4,9-10H,2-3,5-8H2,1H3",C=CC(O)CCCCCC,78.79745154591336,False,['21964-44-3'],1.097669462
POOL-00036531,"InChI=1S/C10H21BrO/c11-9-7-5-3-1-2-4-6-8-10-12/h12H,1-10H2",OCCCCCCCCCCBr,66.2388309575275,False,['53463-68-6'],1.1272868753
POOL-00042794,"InChI=1S/C9H20O/c1-3-5-7-9(10)8-6-4-2/h9-10H,3-8H2,1-2H3",CCCCC(O)CCCC,53.748605961854445,False,['623-93-8'],1.0823248184
POOL-00005260,"InChI=1S/C10H13BrO/c11-10-6-4-9(5-7-10)3-1-2-8-12/h4-7,12H,1-3,8H2",OCCCCc1ccc(Br)cc1,217.78511805929529,False,['75906-36-4'],1.1600181019
POOL-00023598,"InChI=1S/C11H24O/c1-5-6-7-8-11(4,12)9-10(2)3/h10,12H,5-9H2,1-4H3",CCCCCC(C)(O)CC(C)C,105.5717400212565,False,['74356-31-3'],1.1641781601
POOL-00030010,"InChI=1S/C14H22O/c15-13-9-4-2-1-3-6-10-14-11-7-5-8-12-14/h5,7-8,11-12,15H,1-4,6,9-10,13H2",OCCCCCCCCc1ccccc1,230.3538331495254,False,['10472-97-6'],1.1323102556
POOL-00040863,"InChI=1S/C11H22O/c1-4-11(2,3)9-5-7-10(12)8-6-9/h9-10,12H,4-8H2,1-3H3",CCC(C)(C)C1CCC(O)CC1,131.93953880615516,False,"['5349-51-9', '20698-30-0', '20698-29-7']",1.1654349212
POOL-00043149,"InChI=1S/C14H22O/c1-2-3-4-5-6-7-8-13-9-11-14(15)12-10-13/h9-12,15H,2-8H2,1H3",CCCCCCCCc1ccc(O)cc1,250.5461398042021,False,"['1806-26-4', '71902-25-5']",1.1387472482
POOL-00042310,"InChI=1S/C12H26O/c1-2-3-4-5-6-7-8-9-10-11-12-13/h13H,2-12H2,1H3",CCCCCCCCCCCCO,71.19366193720087,False,"['112-53-8', '27342-88-7', '68551-07-5']",1.1149273385
POOL-00030120,"InChI=1S/C9H18O/c1-8(2)6-5-7-9(3,4)10/h10H,1,5-7H2,2-4H3",C=C(C)CCCC(C)(C)O,108.38689879982144,False,['32779-58-1'],1.1579373924
POOL-00017439,"InChI=1S/C10H18O2/c1-2-3-4-5-6-7-8-9-10(11)12/h7-8H,2-6,9H2,1H3,(H,11,12)",CCCCCCC=CCC(=O)O,138.7740056622918,False,['15469-77-9'],1.1191529641
POOL-00037327,"InChI=1S/C11H22O/c1-11(2,3)10(12)9-7-5-4-6-8-9/h9-10,12H,4-8H2,1-3H3",CC(C)(C)C(O)C1CCCCC1,128.4297638018282,False,"['62039-14-9', '15972-13-1']",1.1500850057
POOL-00040204,"InChI=1S/C11H23BrO/c12-10-8-6-4-2-1-3-5-7-9-11-13/h13H,1-11H2",OCCCCCCCCCCCBr,76.15946414084448,False,['1611-56-9'],1.146717293
POOL-00019283,"InChI=1S/C12H18O/c1-11(2,3)12(4,13)10-8-6-5-7-9-10/h5-9,13H,1-4H3",CC(C)(C)C(C)(O)c1ccccc1,266.92599275295936,False,['21811-48-3'],1.1537294525
POOL-00027639,"InChI=1S/C11H18O2/c1-2-3-4-5-6-7-8-9-10-11(12)13/h4-10H2,1H3,(H,12,13)",CC#CCCCCCCCC(=O)O,186.00229724437455,False,['22202-65-9'],1.1264897224
POOL-00037248,"InChI=1S/C9H20OS/c1-2-3-4-5-6-8-11-9-7-10/h10H,2-9H2,1H3",CCCCCCCSCCO,58.583072817991095,False,['26901-97-3'],1.1167378069
POOL-00042685,"InChI=1S/C8H18O/c1-3-5-7-8(9)6-4-2/h8-9H,3-7H2,1-2H3",CCCCC(O)CCC,52.52932501298081,False,['589-62-8'],1.1225653522
POOL-00014441,"InChI=1S/C8H18O/c1-3-5-6-7-8(9)4-2/h8-9H,3-7H2,1-2H3",CCCCCC(O)CC,52.52932501298081,False,"['589-98-0', '20296-29-1', '29063-28-3']",1.1223698938
POOL-00034987,"InChI=1S/C10H14OS/c11-7-4-8-12-9-10-5-2-1-3-6-10/h1-3,5-6,11H,4,7-9H2",OCCCSCc1ccccc1,198.253369807243,False,['26902-03-4'],1.1636874528
POOL-00024864,"InChI=1S/C8H16O/c1-3-5-6-7-8(9)4-2/h4,8-9H,2-3,5-7H2,1H3",C=CC(O)CCCCC,68.96788691072804,False,['3391-86-4'],1.1645051087
POOL-00030469,"InChI=1S/C9H17BrO2/c10-8-6-4-2-1-3-5-7-9(11)12/h1-8H2,(H,11,12)",O=C(O)CCCCCCCCBr,115.09616281328596,False,['41059-02-3'],1.1109732404
POOL-00043427,"InChI=1S/C10H22OS/c1-2-3-4-5-6-7-9-12-10-8-11/h11H,2-10H2,1H3",CCCCCCCCSCCO,66.2388309575275,False,['3547-33-9'],1.1602989834
POOL-00019336,"InChI=1S/C12H24O/c1-12(2,3)10-8-6-4-5-7-9-11(10)13/h10-11,13H,4-9H2,1-3H3",CC(C)(C)C1CCCCCCC1O,145.69369137477665,False,['343855-14-1'],1.1520615671
POOL-00042293,"InChI=1S/C10H20O2/c1-3-4-5-6-7-8-9-12-10(2)11/h3-9H2,1-2H3",CCCCCCCCOC(C)=O,110.40620687739316,False,['112-14-1'],1.1635626966
POOL-00036572,"InChI=1S/C9H11BrO/c1-2-9(11)7-3-5-8(10)6-4-7/h3-6,9,11H,2H2,1H3",CCC(O)c1ccc(Br)cc1,217.50927179154448,False,['4489-22-9'],1.1638864522
POOL-00020457,"InChI=1S/C11H17BrO2/c12-10-8-6-4-2-1-3-5-7-9-11(13)14/h1-7,9H2,(H,13,14)",O=C(O)CCCCCCCCC#CBr,203.0684085759284,False,['13030-63-2'],1.1192280025
POOL-00034081,"InChI=1S/C11H25NO/c1-3-8-12(9-4-2)10-6-5-7-11-13/h13H,3-11H2,1-2H3",CCCN(CCC)CCCCCO,90.09106854813167,False,['39984-57-1'],1.1356026597
POOL-00041607,"InChI=1S/C15H24O/c1-2-3-4-5-6-7-8-9-14-10-12-15(16)13-11-14/h10-13,16H,2-9H2,1H3",CCCCCCCCCc1ccc(O)cc1,263.2683698322741,False,"['104-40-5', '68081-86-7']",1.139712398
POOL-00015566,"InChI=1S/C10H16O2/c1-4-5-6-7-8-12-10(11)9(2)3/h4-7,9H,8H2,1-3H3",CC=CC=CCOC(=O)C(C)C,178.27760081648816,False,['16491-24-0'],1.1657531143
POOL-00011914,"InChI=1S/C15H24O/c1-4-6-7-12-15(3,5-2)13-8-10-14(16)11-9-13/h8-11,16H,4-7,12H2,1-3H3",CCCCCC(C)(CC)c1ccc(O)cc1,301.7159195161545,False,['52427-13-1'],1.1629486943
POOL-00023559,"InChI=1S/C15H24O/c1-4-5-6-7-12-15(2,3)13-8-10-14(16)11-9-13/h8-11,16H,4-7,12H2,1-3H3",CCCCCCC(C)(C)c1ccc(O)cc1,297.71591951615443,False,['30784-30-6'],1.1498043943
POOL-00037295,"InChI=1S/C12H27NO/c1-3-9-13(10-4-2)11-7-5-6-8-12-14/h14H,3-12H2,1-2H3",CCCN(CCC)CCCCCCO,100.494851571821,False,['43010-05-5'],1.1215637998
POOL-00042235,"InChI=1S/C8H16O2/c1-3-4-5-6-7-8(9)10-2/h3-7H2,1-2H3",CCCCCCC(=O)OC,89.25838096618138,False,['106-73-0'],1.1547349201
POOL-00041358,"InChI=1S/C7H13BrO2/c1-7(9)10-6-4-2-3-5-8/h2-6H2,1H3",CC(=O)OCCCCCBr,93.60689651177816,False,['15848-22-3'],1.1282138128
POOL-00040298,"InChI=1S/C11H25NO/c1-3-5-8-12(9-6-4-2)10-7-11-13/h13H,3-11H2,1-2H3",CCCCN(CCCC)CCCO,77.07151853947781,False,['2050-51-3'],1.1617951356
POOL-00037346,"InChI=1S/C12H27NO/c1-11(2)9-13(10-12(3)4)7-5-6-8-14/h11-12,14H,5-10H2,1-4H3",CC(C)CN(CCCCO)CC(C)C,113.49013676840814,False,['70289-33-7'],1.1506402616
POOL-00018355,"InChI=1S/C8H19OP/c1-7(2,3)10(9)8(4,5)6/h9H,1-6H3",CC(C)(C)P(O)C(C)(C)C,93.40644880847532,False,['52809-04-8'],1.1641394801
POOL-00005608,"InChI=1S/C12H14FNO/c1-3-12(14-15)9(2)8-10-4-6-11(13)7-5-10/h4-8,15H,3H2,1-2H3",CCC(=NO)C(C)=Cc1ccc(F)cc1,379.11352218380654,False,"['1170613-55-4', '1357350-70-9']",1.1616409556
POOL-00011371,"InChI=1S/C10H19NO/c1-2-3-4-5-6-7-8-9-11-10-12/h2-9H2,1H3",CCCCCCCCCN=C=O,127.80026905978023,False,['4184-73-0'],1.162400892
POOL-00037441,"InChI=1S/C9H12O2S/c10-9(11)6-2-1-4-8-5-3-7-12-8/h3,5,7H,1-2,4,6H2,(H,10,11)",O=C(O)CCCCc1cccs1,228.68639118965757,False,['21010-06-0'],1.1418367896
POOL-00040646,"InChI=1S/C8H14O2/c1-3-9-7-5-6-8-10-4-2/h3-4H,1-2,5-8H2",C=COCCCCOC=C,77.25838096618136,False,['3891-33-6'],1.1629599436
POOL-00009827,"InChI=1S/C11H13NO/c13-10-12-9-5-4-8-11-6-2-1-3-7-11/h1-3,6-7H,4-5,8-9H2",O=C=NCCCCc1ccccc1,275.4015699609299,False,['77725-08-7'],1.1576136232
POOL-00037625,"InChI=1S/C11H21NO2/c1-2-3-4-5-6-7-8-9-10-11(13)12-14/h2,14H,1,3-10H2,(H,12,13)",C=CCCCCCCCCC(O)=NO,166.67046661465247,False,['16791-35-8'],1.1540335793
POOL-00005745,"InChI=1S/C12H20F3NO/c13-12(14,15)9-1-3-10(4-2-9)16-11-5-7-17-8-6-11/h9-11,16H,1-8H2",FC(F)(F)C1CCC(NC2CCOCC2)CC1,230.3954652748477,False,['1157959-42-6'],1.1632425497
POOL-00035575,"InChI=1S/C14H30O2/c1-2-3-4-5-6-7-8-9-10-11-12-14(16)13-15/h14-16H,2-13H2,1H3",CCCCCCCCCCCCC(O)CO,125.9037489594491,False,['21129-09-9'],1.1304355497
POOL-00020639,"InChI=1S/C14H14O2/c1-9-7-11(15)3-5-13(9)14-6-4-12(16)8-10(14)2/h3-8,15-16H,1-2H3",Cc1cc(O)ccc1-c1ccc(O)cc1C,480.7537051739064,False,['59517-19-0'],1.1643733454
POOL-00031993,"InChI=1S/C15H16O2/c1-15(2,11-6-8-13(16)9-7-11)12-4-3-5-14(17)10-12/h3-10,16-17H,1-2H3",CC(C)(c1ccc(O)cc1)c1cccc(O)c1,512.6999584541678,False,['46765-25-7'],1.1609818898
POOL-00009386,"InChI=1S/C10H22N2S/c1-2-3-4-5-6-7-8-9-12-10(11)13/h2-9H2,1H3,(H3,11,12,13)",CCCCCCCCCNC(=N)S,126.09315325521614,False,['58349-09-0'],1.1634205576
POOL-00027394,"InChI=1S/C15H15NO2/c16-14(15(17)18)13(11-7-3-1-4-8-11)12-9-5-2-6-10-12/h1-10,13-14H,16H2,(H,17,18)",NC(C(=O)O)C(c1ccccc1)c1ccccc1,471.0315151832007,False,"['62653-26-3', '5425-80-9']",1.1617509425
POOL-00040296,"InChI=1S/C12H10N2O2/c15-11-7-3-1-5-9(11)13-14-10-6-2-4-8-12(10)16/h1-8,15-16H",Oc1ccccc1N=Nc1ccccc1O,476.4321393826559,False,"['2050-14-8', '34379-04-9']",1.1651540324
,,,,,,
POOL-00038693,"InChI=1S/C21H42O/c1-3-5-7-9-11-13-15-17-19-21(22)20-18-16-14-12-10-8-6-4-2/h3-20H2,1-2H3",CCCCCCCCCCC(=O)CCCCCCCCCC,199.9470297662821,False,['19781-72-7'],1.1639321462
POOL-00042626,"InChI=1S/C23H46O/c1-3-5-7-9-11-13-15-17-19-21-23(24)22-20-18-16-14-12-10-8-6-4-2/h3-22H2,1-2H3",CCCCCCCCCCCC(=O)CCCCCCCCCCC,222.42004037133327,False,['540-09-0'],1.146270068
POOL-00041152,"InChI=1S/C21H45N/c1-4-6-8-10-12-14-16-18-20-22(3)21-19-17-15-13-11-9-7-5-2/h4-21H2,1-3H3",CCCCCCCCCCN(C)CCCCCCCCCC,170.34616148837452,False,['7396-58-9'],1.0641703529
POOL-00030460,"InChI=1S/C21H45N/c1-4-5-6-7-8-9-10-11-12-13-14-15-16-17-18-19-20-21-22(2)3/h4-21H2,1-3H3",CCCCCCCCCCCCCCCCCCCN(C)C,188.3461614883745,False,['49859-87-2'],1.0561426381
POOL-00042954,"InChI=1S/C20H40O/c1-3-5-6-7-8-9-10-11-12-13-14-15-16-17-18-19-20-21-4-2/h4H,2-3,5-20H2,1H3",C=COCCCCCCCCCCCCCCCCCC,188.27743573731465,False,"['930-02-9', '9003-96-7']",1.0813482892
POOL-00043298,"InChI=1S/C20H42O/c1-3-5-7-9-11-13-15-17-19-21-20-18-16-14-12-10-8-6-4-2/h3-20H2,1-2H3",CCCCCCCCCCOCCCCCCCCCC,149.22134949146297,False,['2456-28-2'],1.0789595834
POOL-00040580,"InChI=1S/C21H44O/c1-3-5-7-9-11-13-15-17-19-21(22)20-18-16-14-12-10-8-6-4-2/h21-22H,3-20H2,1-2H3",CCCCCCCCCCC(O)CCCCCCCCCC,170.34616148837452,False,['3381-26-8'],1.1220791381
POOL-00017427,"InChI=1S/C23H38O/c1-19(2)11-7-12-20(3)13-8-14-21(4)15-9-16-22(5)17-10-18-23(6)24/h11,13,15,17H,7-10,12,14,16,18H2,1-6H3",CC(=O)CCC=C(C)CCC=C(C)CCC=C(C)CCC=C(C)C,482.1648749852416,False,['6809-52-5'],1.1560895273
POOL-00043103,"InChI=1S/C20H43N/c1-4-5-6-7-8-9-10-11-12-13-14-15-16-17-18-19-20-21(2)3/h4-20H2,1-3H3",CCCCCCCCCCCCCCCCCCN(C)C,176.67722777610123,False,['124-28-7'],1.0483515173
POOL-00041353,"InChI=1S/C21H44O/c1-2-3-4-5-6-7-8-9-10-11-12-13-14-15-16-17-18-19-20-21-22/h22H,2-21H2,1H3",CCCCCCCCCCCCCCCCCCCCCO,158.74595352716108,False,['15594-90-8'],1.1597651003
POOL-00037149,"InChI=1S/C22H38O/c1-5-6-7-8-9-10-11-12-13-14-19-23-21-17-15-20(16-18-21)22(2,3)4/h15-18H,5-14,19H2,1-4H3",CCCCCCCCCCCCOc1ccc(C(C)(C)C)cc1,385.42892116964936,False,['6940-96-1'],1.1536265345
POOL-00043570,"InChI=1S/C20H42O/c1-3-5-7-9-11-12-14-16-18-20(19-21)17-15-13-10-8-6-4-2/h20-21H,3-19H2,1-2H3",CCCCCCCCCCC(CO)CCCCCCCC,178.67722777610123,False,['5333-42-6'],1.1271527951
POOL-00043010,"InChI=1S/C20H43N/c1-3-5-7-9-11-13-15-17-19-21-20-18-16-14-12-10-8-6-4-2/h21H,3-20H2,1-2H3",CCCCCCCCCCNCCCCCCCCCC,149.22134949146297,False,"['1120-49-6', '68526-64-7']",1.0770558688
POOL-00042851,"InChI=1S/C22H46O/c1-2-3-4-5-6-7-8-9-10-11-12-13-14-15-16-17-18-19-20-21-22-23/h23H,2-22H2,1H3",CCCCCCCCCCCCCCCCCCCCCCO,170.4117611359987,False,"['661-19-8', '30303-65-2']",1.1464349909
POOL-00033846,"InChI=1S/C23H40O/c1-3-4-5-6-7-8-9-10-11-12-13-14-15-16-21-24-23-19-17-22(2)18-20-23/h17-20H,3-16,21H2,1-2H3",CCCCCCCCCCCCCCCCOc1ccc(C)cc1,368.1268046966191,False,['57792-42-4'],1.1455031051
POOL-00016386,"InChI=1S/C22H47OP/c1-4-5-6-7-8-9-10-11-12-13-14-15-16-17-18-19-20-21-22-24(2,3)23/h4-22H2,1-3H3",CCCCCCCCCCCCCCCCCCCCP(C)(C)=O,281.6945021246863,False,['24565-09-1'],1.1638690012
POOL-00041378,"InChI=1S/C22H45NO/c1-2-3-4-5-6-7-8-9-10-11-12-13-14-15-16-17-18-23-19-21-24-22-20-23/h2-22H2,1H3",CCCCCCCCCCCCCCCCCCN1CCOCC1,238.1244138960234,False,['16528-77-1'],1.0635038658
POOL-00039834,"InChI=1S/C20H42S/c1-3-5-7-9-11-13-15-17-19-21-20-18-16-14-12-10-8-6-4-2/h3-20H2,1-2H3",CCCCCCCCCCSCCCCCCCCCC,149.22134949146297,False,['693-83-4'],1.0733894318
POOL-00030044,"InChI=1S/C22H47N/c1-3-5-7-9-11-13-15-17-19-21-23-22-20-18-16-14-12-10-8-6-4-2/h23H,3-22H2,1-2H3",CCCCCCCCCCCNCCCCCCCCCCC,170.4117611359987,False,['16165-33-6'],1.0578241835
POOL-00029932,"InChI=1S/C24H45N/c1-4-5-6-7-8-9-10-11-12-13-14-15-16-17-18-19-22-25-23(2)20-21-24(25)3/h20-21H,4-19,22H2,1-3H3",CCCCCCCCCCCCCCCCCCn1c(C)ccc1C,384.7281560379692,False,['102809-09-6'],1.1325409805
POOL-00035783,"InChI=1S/C24H50O/c1-3-5-7-9-11-13-14-16-18-20-22-24(23-25)21-19-17-15-12-10-8-6-4-2/h24-25H,3-23H2,1-2H3",CCCCCCCCCCCCC(CO)CCCCCCCCCC,226.1355047616759,False,['58670-89-6'],1.0968708292
POOL-00024869,"InChI=1S/C22H38O2/c1-3-5-7-9-11-15-19-23-21-17-13-14-18-22(21)24-20-16-12-10-8-6-4-2/h13-14,17-18H,3-12,15-16,19-20H2,1-2H3",CCCCCCCCOc1ccccc1OCCCCCCCC,352.31123407590985,False,['4956-41-6'],1.1355351901
POOL-00033864,"InChI=1S/C22H46S/c1-3-5-7-9-11-13-15-17-19-21-23-22-20-18-16-14-12-10-8-6-4-2/h3-22H2,1-2H3",CCCCCCCCCCCSCCCCCCCCCCC,170.4117611359987,False,['35599-82-7'],1.0554996109
POOL-00040384,"InChI=1S/C21H45N/c1-4-7-10-13-16-19-22(20-17-14-11-8-5-2)21-18-15-12-9-6-3/h4-21H2,1-3H3",CCCCCCCN(CCCCCCC)CCCCCCC,157.06194897323024,False,['2411-36-1'],1.0746988249
POOL-00019025,"InChI=1S/C20H34O2/c1-3-5-7-9-11-17-21-19-13-15-20(16-14-19)22-18-12-10-8-6-4-2/h13-16H,3-12,17-18H2,1-2H3",CCCCCCCOc1ccc(OCCCCCCC)cc1,310.2298061415074,False,['65128-45-2'],1.1335082273
POOL-00040453,"InChI=1S/C24H51N/c1-22(2)16-10-7-13-19-25(20-14-8-11-17-23(3)4)21-15-9-12-18-24(5)6/h22-24H,7-21H2,1-6H3",CC(C)CCCCCN(CCCCCC(C)C)CCCCCC(C)C,214.02724232441648,False,"['25549-16-0', '2757-28-0']",1.0916298292
POOL-00032484,"InChI=1S/C24H51OP/c1-7-13-16-22(10-4)19-26(25,20-23(11-5)17-14-8-2)21-24(12-6)18-15-9-3/h22-24H,7-21H2,1-6H3",CCCCC(CC)CP(=O)(CC(CC)CCCC)CC(CC)CCCC,299.8160433355856,False,['2785-32-2'],1.1482284167
POOL-00039381,"InChI=1S/C24H51OP/c1-4-7-10-13-16-19-22-26(25,23-20-17-14-11-8-5-2)24-21-18-15-12-9-6-3/h4-24H2,1-3H3",CCCCCCCCP(=O)(CCCCCCCC)CCCCCCCC,265.78362887671227,False,['78-50-2'],1.1498453198
POOL-00003758,"InChI=1S/C20H45NP2/c1-17(2,3)22(18(4,5)6)15-13-21-14-16-23(19(7,8)9)20(10,11)12/h21H,13-16H2,1-12H3",CC(C)(C)P(CCNCCP(C(C)(C)C)C(C)(C)C)C(C)(C)C,274.614074260404,False,['944710-34-3'],1.0640511247
POOL-00011246,"InChI=1S/C23H43NP2/c1-20(2,3)25(21(4,5)6)16-18-14-13-15-19(24-18)17-26(22(7,8)9)23(10,11)12/h13-15H,16-17H2,1-12H3",CC(C)(C)P(Cc1cccc(CP(C(C)(C)C)C(C)(C)C)n1)C(C)(C)C,502.6912108454956,False,['338800-13-8'],1.0843699313
POOL-00040353,"InChI=1S/C16H35O2PS2/c1-3-5-7-9-11-13-15-17-19(20,21)18-16-14-12-10-8-6-4-2/h3-16H2,1-2H3,(H,20,21)",CCCCCCCCOP(=S)(S)OCCCCCCCC,240.6615312216908,False,['2253-57-8'],1.1298875637
,,,,,,
